충전소명,충전소ID,충전기ID,충전기타입,주소,위도,경도,이용가능시간,기관아이디,운영기관명,운영기관연락처,충전기상태,상태갱신일시,충전기종류,지역코드,주차료무료여부,충전소안내,법정동,행정동
입장휴게소(서울방향),ME178010,01,06,충청남도 천안시 서북구 입장면 연곡길 407,36.943068193002,127.193601702658,24시간 이용가능,ME,환경부,1661-9408,2,20230129101415,,44,Y,,입장면 가산리,입장면
맘마마트 천안점,ME181434,01,06,충청남도 천안시 서북구 월봉로 95-0 (쌍용2동),36.7997704946331,127.117649318754,10:00~23:00,ME,환경부,1661-9408,2,20230129115733,,44,Y,,쌍용동,쌍용2동
문성동 주민센터,ME18A296,11,04,충청남도 천안시 동남구 문화로 15,36.8109833056497,127.150277459234,24시간 이용가능,ME,환경부,1661-9408,2,20230129114827,,44,Y,,문화동,문성동
성환문화회관,ME18A297,11,04,충청남도 천안시 서북구 성환읍 성진로 15,36.9125372253405,127.136678437643,24시간 이용가능,ME,환경부,1661-9408,2,20230128190054,,44,Y,,성환읍 성월리,성환읍
신방동사무소 앞 공영주차장,ME18A298,11,04,충청남도 천안시 동남구 천안천변길 129-41,36.7858715200848,127.122491909919,24시간 이용가능,ME,환경부,1661-9408,2,20230129141653,,44,Y,,신방동,신방동
천안시 서북구청,ME18A299,11,04,충청남도 천안시 서북구 성거읍 봉주로 75,36.8787154293247,127.155998212373,24시간 이용가능,ME,환경부,1661-9408,2,20230125160534,,44,Y,,성거읍 신월리,성거읍
천안상록리조트,ME18A312,01,06,충청남도 천안시 동남구 수신면 수신로 576,36.7404707929483,127.288935626003,24시간 이용가능,ME,환경부,1661-9408,2,20230128220652,,44,Y,,수신면 장산리,수신면
독립기념관,ME18A405,01,04,충청남도 천안시 동남구 목천읍 남화리 230-1,36.7824966037165,127.222855235153,24시간 이용가능,ME,환경부,1661-9408,9,20230129131810,,44,Y,,목천읍 남화리,목천읍
천안휴게소(부산방향),ME18A504,01,06,충청남도 천안시 동남구 수신면 성남로 793-40,36.7300867434595,127.264559237174,24시간 이용가능,ME,환경부,1661-9408,3,20230129135121,,44,Y,,수신면 신풍리,수신면
한국기술교육대학교(제1캠퍼스),ME19C155,01,04,충청남도 천안시 동남구 병천면 가전리 307,36.7638494297941,127.28131351664,24시간 이용가능,ME,환경부,1661-9408,9,20230129040810,,44,Y,,병천면 가전리,병천면
청수공원 주차장,ME19C156,11,04,충청남도 천안시 동남구 청수동 270,36.7874204912277,127.14876894654,24시간 이용가능,ME,환경부,1661-9408,2,20230129134105,,44,Y,,청수동,청룡동
도솔공원,ME19C157,11,04,충청남도 천안시 동남구 신부동 132-8,36.8249527853148,127.159385827756,24시간 이용가능,ME,환경부,1661-9408,2,20230128220753,,44,Y,,신부동,신안동
성거읍사무소,ME19C247,21,04,충청남도 천안시 서북구 성거읍 저리 57-26,36.8778466642166,127.199076294089,24시간 이용가능,ME,환경부,1661-9408,9,20230129131810,,44,Y,,성거읍 저리,성거읍
병천면 행정복지센터,ME19Y245,21,04,충청남도 천안시 동남구 병천면 병천2로 57,36.767192908073,127.30258350089,24시간 이용가능,ME,환경부,1661-9408,2,20230129135641,,44,Y,,병천면 병천리,병천면
성정동 공영주차장,ME19Y246,21,04,충청남도 천안시 서북구 동서대로 110-9,36.8254328759454,127.135650522885,24시간 이용가능,ME,환경부,1661-9408,2,20230129121335,,44,Y,,성정동,성정2동
천안시종합복지사회복지관,ME19Y289,21,04,충청남도 천안시 동남구 천안대로 361,36.7812200854681,127.164130988129,24시간 이용가능,ME,환경부,1661-9408,2,20230128141517,,44,Y,,삼룡동,청룡동
이마트 천안서북점,ME19Z215,21,04,충청남도 천안시 서북구 삼성대로 20,36.8385687913558,127.12233923432,09:30~23:00,ME,환경부,1661-9408,2,20230129123233,,44,Y,,백석동,백석동
이마트 천안점,ME19Z216,21,04,충청남도 천안시 서북구 충무로 187,36.7959246450724,127.127099784501,09:30~23:00,ME,환경부,1661-9408,2,20230128211041,,44,N,,쌍용동,쌍용1동
병천 제1공영주차장,ME20C199,01,04,충청남도 천안시 동남구 병천리 211-1,36.7595102637233,127.298484739645,24시간 이용가능,ME,환경부,1661-9408,2,20230129132945,,44,Y,,병천면 병천리,병천면
쌍용 제1공영주차장,ME20C1a0,01,04,충청남도 천안시 서북구 미라3길 16,36.8010880470319,127.130895837427,24시간 이용가능,ME,환경부,1661-9408,9,20230129104048,,44,N,,쌍용동,쌍용1동
두정역 제1공영주차장,ME20C2b0,21,04,충청남도 천안시 서북구 두정동 91-1,36.8320168686704,127.15036858625,24시간 이용가능,ME,환경부,1661-9408,2,20230129101614,,44,N,,두정동,부성1동
북면행정복지센터,ME20C2b1,21,04,충청남도 천안시 동남구 위례성로 724,36.8274727633268,127.273243519109,24시간 이용가능,ME,환경부,1661-9408,2,20230128180000,,44,Y,,북면 오곡리,북면
불당 제3공영주차장,ME20C2b2,21,04,충청남도 천안시 서북구 불당동 910,36.8052150703634,127.108093588132,24시간 이용가능,ME,환경부,1661-9408,2,20230128200031,,44,Y,,불당동,불당1동
안서 제1공영주차장,ME20C2b3,21,04,충청남도 천안시 동남구 안서동 526-39,36.8375526657483,127.173317676094,24시간 이용가능,ME,환경부,1661-9408,2,20230129125359,,44,Y,,안서동,신안동
한국생산기술연구원(본원),ME20C417,41,04,충청남도 천안시 입장면 양대기로길 89,36.9045461012825,127.245717563458,24시간 이용가능,ME,환경부,1661-9408,2,20230127162358,,44,Y,,입장면 기로리,입장면
천안풍세일반산업단지,ME20D223,01,04,충청남도 천안시 동남구 풍세산단4로81,36.7300164190022,127.097955448465,24시간 이용가능,ME,환경부,1661-9408,9,20230129131810,,44,Y,,풍세면 용정리,풍세면
천안호두휴게소(부산),ME21A209,01,04,충청남도 천안시 동남구 성남면 대화리 산8-12,36.7306420436679,127.263000771748,24시간 이용가능,ME,환경부,1661-9408,2,20230129135247,,44,Y,,성남면 대화리,성남면
천안삼거리휴게소(서울),ME21A309,01,04,충청남도 천안시 동남구 구성동 153-77,36.7885555275826,127.172775360976,24시간 이용가능,ME,환경부,1661-9408,2,20230129135554,,44,Y,,구성동,청룡동
천안동남경찰서,ME21B221,01,04,충청남도 천안시 동남구 청수6로 73,36.786846965424,127.156057249023,09:00 ~ 18:00,ME,환경부,1661-9408,9,20230129131810,,44,Y,,청당동,청룡동
병천고등학교,ME21B226,01,04,충청남도 천안시 동남구 병천면 충절로 1872,36.7642187621138,127.313347846201,24시간 이용가능,ME,환경부,1661-9408,2,20230129112502,,44,Y,,병천면 탑원리,병천면
독립기념관 주차장,ME21B801,01,04,충청남도 천안시 동남구 목천읍 독립기념관로 1,36.7818719998049,127.230398111736,24시간 이용가능,ME,환경부,1661-9408,9,20230129131810,,44,Y,,목천읍 남화리,목천읍
한국기술교육대학교,ME21C412,21,04,충청남도 천안시 동남구 병천면 충절로 1600,36.765104950533,127.281200389603,평일 09:00 ~ 19:00 (주말 미개방),ME,환경부,1661-9408,2,20230128115650,,44,Y,,병천면 가전리,병천면
소노벨천안,ME21C417,21,04,충청남도 천안시 동남구 성남면 종합휴양지로 200,36.7573111615896,127.224095773222,24시간 이용가능,ME,환경부,1661-9408,2,20230123105150,,44,Y,,성남면 용원리,성남면
카페 흑,CSCH0001,01,02,충청남도 천안시 동남구 북면 위례성로 824-36,36.8333212783321,127.272033458235,24시간 이용가능,CS,한국EV충전서비스센터,1600-2213,9,,,44,N,,북면 사담리,북면
에스지스크린골프 업성점,CSSGU001,01,02,충청남도 천안시 서북구 2공단3로 102-12,36.8598189318034,127.124577642555,24시간 이용가능,CS,한국EV충전서비스센터,1600-2213,9,,,44,Y,,업성동,부성1동
원성K스크린골프,CSWSK001,01,02,충청남도 천안시 동남구 천안대로 611,36.8028174880129,127.163951160812,24시간 이용가능,CS,한국EV충전서비스센터,1600-2213,9,,,44,Y,,원성동,원성2동
북일여고,CU410013,01,02,충청남도 천안시 동남구 단대로 71,36.8319765856417,127.159163197167,24시간 이용가능,CU,씨어스,041-520-8709,2,20230125104143,,44,N,,신부동,신안동
충남예고,CU410014,01,02,충청남도 천안시 서북구 성거읍 천흥2길 42,36.8684745626633,127.205082373964,24시간 이용가능,CU,씨어스,042-555-8003,2,20230125155307,,44,N,,성거읍 천흥리,성거읍
구성초등학교,CU410019,01,02,충청남도 천안시 동남구 청수로 126,36.7929619025781,127.158591820756,24시간 이용가능,CU,씨어스,041-563-4240,2,20230125100948,,44,N,,구성동,청룡동
북일고등학교,CU410022,01,02,충청남도 천안시 동남구 단대로 69,36.832001056843,127.158585379816,24시간 이용가능,CU,씨어스,041-520-8604,2,20230125102954,,44,N,,신부동,신안동
백석초등학교,CU410023,01,02,충청남도 천안시 서북구 백석3로 98,36.820321352333,127.122521233968,24시간 이용가능,CU,씨어스,041-622-8484,9,,,44,N,,백석동,백석동
한들초등학교,CU410026,01,02,충청남도 천안시 서북구 한들2로 33,36.8256090585238,127.118067501611,24시간 이용가능,CU,씨어스,041-855-0544,2,20230127183234,,44,N,,백석동,백석동
가온초등학교,CU410031,01,02,충청남도 천안시 동남구 청수14로 21,36.7854410694967,127.14879671278,24시간 이용가능,CU,씨어스,041-522-1730,9,,,44,N,,청당동,청룡동
천안초등학교,CU410033,01,02,충청남도 천안시 동남구 중앙로 169,36.8141061900544,127.152544177053,24시간 이용가능,CU,씨어스,041-568-0763,2,20230125104319,,44,N,,성황동,문성동
천안여자상업고등학교,CU410034,01,02,충청남도 천안시 동남구 천안여상로 44,36.8036119112703,127.136558909201,24시간 이용가능,CU,씨어스,070-4626-8892,2,20230125101033,,44,N,,봉명동,봉명동
천안두정고등학교,CU410040,01,02,충청남도 천안시 서북구 두정고2길 13,36.8351530568608,127.130475513462,24시간 이용가능,CU,씨어스,041-522-7373,9,20221223121810,,44,N,,두정동,부성2동
천안성성중학교,CU410041,01,02,충청남도 천안시 서북구 부성1길 83,36.8376315035346,127.135036864921,24시간 이용가능,CU,씨어스,041-622-3700,2,20230128092411,,44,N,,두정동,부성2동
천안계광중학교,CU410042,01,02,충청남도 천안시 동남구 봉명로 53,36.8094168711828,127.134341576767,24시간 이용가능,CU,씨어스,041-572-9011,9,,,44,N,,봉명동,봉명동
성환초등학교,CU410044,01,02,충청남도 천안시 서북구 성환읍 성환12길 37,36.9180463465398,127.132454153956,24시간 이용가능,CU,씨어스,041-581-3122,9,20221223141310,,44,N,,성환읍 성환리,성환읍
천안호수초등학교,CU410045,01,02,충청남도 천안시 서북구 공원로 140,36.7961413607722,127.098174595568,24시간 이용가능,CU,씨어스,041-533-5363,9,20230120151810,,44,N,,불당동,불당1동
아름초등학교,CU410049,01,02,충청남도 천안시 서북구 불당27길 7,36.8131176459836,127.102376632568,24시간 이용가능,CU,씨어스,041-418-9652,9,,,44,N,,불당동,불당2동
천안중학교,CU410055,01,02,충청남도 천안시 동남구 충절로 90,36.8113382608385,127.156420959831,24시간 이용가능,CU,씨어스,041-563-0242,9,20230110181310,,44,N,,원성동,원성1동
불무초등학교,CU410057,01,02,충청남도 천안시 서북구 불당23로 29,36.8196735343225,127.104911437294,24시간 이용가능,CU,씨어스,041-418-9652,2,20230125164727,,44,Y,,불당동,불당2동
성거초등학교,CU410058,01,02,충청남도 천안시 서북구 성거읍 소댕이3길 606-21,36.8717727664154,127.19968737489,24시간 이용가능,CU,씨어스,041-622-0010,9,,,44,N,,성거읍 송남리,성거읍
청수고등학교,CU410059,01,02,충청남도 천안시 동남구 청수로 82-46,36.7914138152071,127.159180421953,24시간 이용가능,CU,씨어스,041-590-7102,9,,,44,Y,,청수동,청룡동
쌍용중학교,CU410060,01,02,충청남도 천안시 서북구 쌍용12길 13,36.8036605479167,127.119951883239,24시간 이용가능,CU,씨어스,041-576-7364,9,,,44,Y,,쌍용동,쌍용3동
용곡동 더쉴아파트,CV000164,01,02,충청남도 천안시 동남구 새말1길 47,36.7889893434985,127.13187618291,24시간 이용가능,CV,대영채비,1522-2573,2,20230129135522,,44,Y,,용곡동,신방동
한국전기안전공사 천안아산지사,CV000245,01,02,충청남도 천안시 동남구 충무로 504,36.7984789962714,127.161314796771,10:00~18:00,CV,대영채비,1522-2573,2,20230128005523,,44,Y,,구성동,청룡동
천안 이제이파크랜드,CV000279,01,06,충청남도 천안시 서북구 불당25로 23,36.8038833925149,127.103345963951,24시간 이용가능,CV,대영채비,1522-2573,2,20230128110525,,44,N,,불당동,불당2동
남서울대학교,CV000372,01,02,충청남도 천안시 서북구 성환읍 대학로 91,36.9109137342107,127.143619452225,08:30~18:00(근무시간 외 이용불가),CV,대영채비,1522-2573,2,20230125211529,,44,Y,,성환읍 매주리,성환읍
이화병원,CV000740,01,02,충청남도 천안시 서북구 충무로 165,36.794203836138,127.125186711953,24시간 이용가능,CV,대영채비(주),1522-2595,2,20230123001029,,44,Y,,쌍용동,쌍용2동
오토메카 인 천안,CV001014,01,02,충청남도 천안시 서북구 번영로 533,36.8480050626223,127.121477024922,09:00~18:00,CV,대영채비(주),1522-2573,2,20230127134552,,44,Y,,성성동,부성2동
단국대병원 주차장동,CV001031,01,06,충청남도 천안시 동남구 망향로 201,36.8429505287135,127.173276042076,24시간 이용가능,CV,대영채비(주),1522-2573,2,20230128104041,,44,N,,안서동,신안동
상명대학교 청록관,CV001370,01,02,충청남도 천안시 동남구 상명대길 31,36.8313071956562,127.180992915316,24시간 이용가능,CV,대영채비,1522-2573,2,20230123001048,,44,N,,안서동,신안동
공간모텔,CV001405,01,02,충청남도 천안시 서북구 성환읍 성환9길 3-6,36.9164308239725,127.128637157484,24시간 이용가능(시설상황에 따라 이용제한가능),CV,대영채비,1522-2573,1,20221227100316,,44,Y,,성환읍 성환리,성환읍
(주)천안호텔어반트,CV001407,01,02,충청남도 천안시 서북구 양지8길 10-3,36.8109844109124,127.139764705458,24시간 이용가능(시설상황에 따라 이용제한가능),CV,대영채비,1522-2573,2,20230123001049,,44,Y,,성정동,성정1동
업성저수지 자연환경보전이용시설(수변생태공원),CV001526,01,06,충청남도 천안시 서북구 성성2길 95,36.8476041329536,127.128447425037,24시간 이용가능,CV,대영채비,1522-2573,2,20230128145634,,44,Y,,성성동,부성2동
목천세광엔리치빌아파트,EC000053,01,02,충청남도 천안시 동남구 목천읍 충절로 687,36.7702171611399,127.189498967043,24시간 이용가능,EC,이지차저,1544-3332,2,20230129091829,,44,Y,,목천읍 응원리,목천읍
포도마을아파트,EC000231,01,02,충청남도 천안시 서북구 성거읍 망향로 785,36.8867535978865,127.204475794682,24시간 이용가능,EC,이지차저,1544-3332,2,20230129091821,,44,Y,,성거읍 저리,성거읍
단국대학교천안캠퍼스 학생회관(급),EC000260,01,04,충청남도 천안시 동남구 단대로 119,36.8359524852566,127.165213408735,24시간 이용가능,EC,이지차저,1544-3332,2,20230129091827,,44,Y,,안서동,신안동
신도브래뉴2차아파트,EC000298,01,02,충청남도 천안시 동남구 목천읍 목천안터2길 19,36.7761160818118,127.211200099714,24시간 이용가능,EC,이지차저,1544-3332,2,20230129091751,,44,Y,,목천읍 신계리,목천읍
단국대학교 천안캠퍼스 정문 앞,EC002118,01,02,충청남도 천안시 동남구 단대로 123-15,36.8318551808006,127.165517800328,24시간 이용가능,EC,이지차저,1544-3332,3,20230129132356,,44,Y,,신부동,신안동
불당트윈팰리스아파트입주자대표회의 기계실앞지하4층B4F4기둥좌측,EC002604,01,02,충청남도 천안시 서북구 불당4로 106,36.8113824009788,127.112332733589,24시간 이용가능,EC,이지차저,1544-3332,2,20230129091753,,44,Y,,불당동,불당1동
(학)호서학원 종합정보관 앞 지상주차장,EC003392,01,02,충청남도 천안시 동남구 호서대길 12,36.8272281609711,127.18374983888,24시간 이용가능,EC,이지차저,1544-3332,2,20230129091840,,44,Y,,안서동,신안동
소댕이(ENH),EH213077,01,02,충청남도 천안시 서북구 성거읍 소댕이2길 1-17,36.867297818105,127.19185954388,24시간 이용가능,EH,(주)이앤에이치에너지,043)260-1123,2,20230129055444,,44,N,,성거읍 송남리,성거읍
천안 지웰시티푸르지오1단지오피스텔(ENH),EH263285,01,02,충청남도 천안시 서북구 불당26로 80,36.8156295161144,127.106553416969,24시간 이용가능,EH,이앤에이치에너지,043-260-1123,2,20230127094655,,44,Y,,불당동,불당2동
우정힐스컨트리클럽,EP190004,01,02,충청남도 천안시 동남구 목천읍 충절로 1048-68,36.7697256865089,127.222883234325,24시간 이용가능,EP,이카플러그,1833-4577,2,20230129031202,,44,Y,,목천읍 운전리,목천읍
충청남도천안의료원(이경석),EP190062,01,02,충청남도 천안시 동남구 충절로 537,36.7754882211639,127.179276126736,24시간 이용가능/시설 상황에 따라 이용이 제한될 수 있습니다,EP,이카플러그,1833-4577,5,20230129074102,,44,N,,삼룡동,청룡동
천안 ㈜장성전력,EP200199,01,02,충청남도 천안시 동남구 목천읍 진주골길 54,36.7477980513218,127.191652438551,24시간 이용가능/시설 상황에 따라 이용이 제한될 수 있습니다,EP,이카플러그,1833-4577,2,20230126062810,,44,N,,목천읍 도장리,목천읍
이안더센트럴아파트,EP210247,01,02,충청남도 천안시 서북구 천안대로 999-7,36.8285857351025,127.151847559878,24시간 이용가능,EP,(주)이카플러그,1833-4577,2,20230129055457,,44,Y,,두정동,부성1동
풍세로 712,EP220031,01,02,충청남도 천안시 동남구 풍세로 712,36.7731454640596,127.140479069773,24시간 이용가능,EP,(주)이카플러그,1833-4577,9,,,44,N,,구룡동,청룡동
불당파크뷰 급속충전소,EP220092,01,04,충청남도 천안시 서북구 불당21로 67-26,36.8148042893753,127.108732663913,24시간 이용가능,EP,(주)이카플러그,1833-4577,9,,,44,Y,,불당동,불당2동
장미아파트 충전소,EP220216,01,02,충청남도 천안시 서북구 성거읍 성거길 82,36.872178317728,127.202688410212,24시간 이용가능,EP,(주)이카플러그,1833-4577,9,,,44,Y,,성거읍 천흥리,성거읍
천안 두진그린힐아파트1 충전소,EP220253,01,02,충청남도 천안시 서북구 성환읍 율금1길 221-34,36.905497936579,127.099533872161,24시간 이용가능,EP,이카플러그,1833-4577,2,20230129055440,,44,Y,,성환읍 율금리,성환읍
착한EV급속충전소(NEWK),EP220280,01,04,충청남도 천안시 동남구 신원3길 65,36.8177662525961,127.164098254563,24시간 이용가능,EP,이카플러그,1833-4577,2,20230128233127,,44,Y,,신부동,신안동
천안 불당마을동일하이빌아파트 1,EP220599,01,02,충청남도 천안시 서북구 시청로 73,36.8086340302573,127.113075292474,24시간 이용가능,EP,이카플러그,1833-4577,2,20230127221715,,44,Y,,불당동,불당1동
천안 e편한세상두정4차아파트 2,EP220613,01,02,충청남도 천안시 서북구 두정공원2길 50,36.8369795190442,127.156044016586,24시간 이용가능,EP,이카플러그,1833-4577,2,20230129062235,,44,Y,,두정동,부성1동
불당호반리젠시빌스위트1,EV001560,01,02,"충청남도 천안시 서북구 봉서산로 85 (불당동, 호반리젠시빌아파트)",36.8057371334631,127.117723328971,"24시간 이용가능,입주민만 사용가능 거주자외출입제한",EV,에버온,1661-7766,1,20230129032736,,44,Y,입주민만 사용가능 거주자외 출입제한,불당동,불당1동
불당이안아파트,EV001706,01,02,"충청남도 천안시 서북구 불당23로 13 (불당동, 불당이안)",36.8209830461396,127.102198361087,"24시간 이용가능,입주민만 사용가능 거주자외출입제한",EV,에버온,1661-7766,2,20230128001843,,44,Y,입주민만 사용가능 거주자외 출입제한,불당동,불당2동
버들마을청수우미린301동,EV001745,01,02,"충청남도 천안시 동남구 청수14로 16 (청당동, 버들마을우미린아파트)",36.7836108027397,127.148735479827,"24시간 이용가능,입주민만 사용가능 거주자외출입제한",EV,에버온,1661-7766,2,20230129052803,,44,Y,입주민만 사용가능 거주자외 출입제한,청당동,청룡동
원성1동주민센터,EV001752,01,02,충청남도 천안시 동남구 성황로 125,36.8118922273879,127.163022852269,평일 09시~18시 이용가능,EV,에버온,1661-7766,2,20230128150006,,44,Y,,원성동,원성1동
천안 향목그라비스아파트,EV001823,01,02,"충청남도 천안시 동남구 충절로 303 (구성동, 향목그라비스아파트)",36.7929475192877,127.162042785216,"24시간 이용가능,입주민만 사용가능 거주자외출입제한",EV,에버온,1661-7766,2,20230129141357,,44,Y,입주민만 사용가능 거주자외 출입제한,구성동,청룡동
천안 청수현대아파트1,EV001825,01,02,"충청남도 천안시 동남구 풍세로 1010-31 (청수동, 청수현대아파트)",36.7977940545113,127.154463600038,"24시간 이용가능,입주민만 사용가능 거주자외출입제한",EV,에버온,1661-7766,3,20230129135407,,44,Y,입주민만 사용가능 거주자외 출입제한,청수동,청룡동
천안 목천2차부영아파트(원앙마을2단지),EV001827,01,02,충청남도 천안시 동남구 목천읍 삼성5길 41 (원앙마을 부영아파트),36.7613183058253,127.178103475136,"24시간 이용가능,입주민만 사용가능 거주자외출입제한",EV,에버온,1661-7766,2,20230129032734,,44,Y,입주민만 사용가능 거주자외 출입제한,목천읍 삼성리,목천읍
천안 일성1차아파트,EV001831,01,02,"충청남도 천안시 서북구 봉서7길 13 (쌍용동, 일성아파트)",36.8085346526222,127.129991041274,"24시간 이용가능,입주민만 사용가능 거주자외출입제한",EV,에버온,1661-7766,2,20230129140802,,44,Y,입주민만 사용가능 거주자외 출입제한,쌍용동,쌍용1동
충남천안 두정5차푸르지오아파트1,EV001832,01,02,충청남도 천안시 서북구 두정고1길 9,36.8345178729304,127.12806625374,"24시간 이용가능,입주민만 사용가능 거주자외출입제한",EV,에버온,1661-7766,2,20230129095229,,44,Y,입주민만 사용가능 거주자외 출입제한,두정동,부성2동
불당중흥S-클래스 프라디움1차,EV001858,01,02,충청남도 천안시 서북구 광장로 231 (불당동),36.7990573325181,127.109460803686,"24시간 이용가능,입주민만 사용가능 거주자외출입제한",EV,에버온,1661-7766,2,20230129055815,,44,Y,입주민만 사용가능 거주자외 출입제한,불당동,불당1동
천안 일성능수아파트(일성3차2BL),EV001866,01,02,"충청남도 천안시 서북구 쌍용18길 36 (쌍용동, 일성능수아파트)",36.7982682972144,127.122686556385,"24시간 이용가능,입주민만 사용가능 거주자외출입제한",EV,에버온,1661-7766,2,20230129011032,,44,Y,입주민만 사용가능 거주자외 출입제한,쌍용동,쌍용2동
천안 하늘빛아파트,EV001893,01,02,충청남도 천안시 서북구 성거읍 소우문덕길 5 (하늘빛아파트),36.8766146882335,127.182513701607,"24시간 이용가능,입주민만 사용가능 거주자외출입제한",EV,에버온,1661-7766,2,20230125181817,,44,Y,입주민만 사용가능 거주자외 출입제한,성거읍 문덕리,성거읍
천안 구성아이파크,EV001896,01,02,"충청남도 천안시 동남구 청수로 136-8 (구성동, 구성아이파크)",36.7931565143005,127.159220328974,"24시간 이용가능,입주민만 사용가능 거주자외출입제한",EV,에버온,1661-7766,2,20230129014025,,44,Y,입주민만 사용가능 거주자외 출입제한,구성동,청룡동
천안 우남두정마을아파트1단지,EV001914,01,02,"충청남도 천안시 서북구 두정역서5길 11 (두정동, 우남아파트)",36.8378413633013,127.147045137725,"24시간 이용가능,입주민만 사용가능 거주자외출입제한",EV,에버온,1661-7766,2,20230129070058,,44,Y,입주민만 사용가능 거주자외 출입제한,두정동,부성1동
천안 우남두정마을아파트2단지,EV001915,01,02,"충청남도 천안시 서북구 두정역서1길 22 (두정동, 우남두정마을아파트2단지)",36.837493352043,127.147048395258,"24시간 이용가능,입주민만 사용가능 거주자외출입제한",EV,에버온,1661-7766,2,20230128232743,,44,Y,입주민만 사용가능 거주자외 출입제한,두정동,부성1동
천안 벽산블루밍2차아파트,EV001920,01,02,"충청남도 천안시 서북구 번영로 278-11 (백석동, 벽산블루밍2차아파트)",36.8257324946945,127.113926882181,"24시간 이용가능,입주민만 사용가능 거주자외출입제한",EV,에버온,1661-7766,2,20230129032407,,44,Y,입주민만 사용가능 거주자외 출입제한,백석동,백석동
천안 대주파크빌아파트,EV001921,01,02,"충청남도 천안시 서북구 두정고7길 9 (두정동, 대주파크빌)",36.8365548866917,127.130001895614,"24시간 이용가능,입주민만 사용가능 거주자외출입제한",EV,에버온,1661-7766,2,20230128063219,,44,Y,입주민만 사용가능 거주자외 출입제한,두정동,부성2동
천안 원성극동아파트,EV001925,01,02,"충청남도 천안시 동남구 충절로 190 (원성동, 원성극동아파트)",36.8022114298185,127.158681037281,"24시간 이용가능,입주민만 사용가능 거주자외출입제한",EV,에버온,1661-7766,1,20230129032736,,44,Y,입주민만 사용가능 거주자외 출입제한,원성동,원성2동
천안 청수극동2차아파트,EV001931,01,02,"충청남도 천안시 동남구 청수로 71-7 (청수동, 극동2차아파트)",36.7904169713272,127.152674780971,"24시간 이용가능,입주민만 사용가능 거주자외출입제한",EV,에버온,1661-7766,2,20230129060609,,44,Y,입주민만 사용가능 거주자외 출입제한,청수동,청룡동
충남천안 (일봉공원)다가한화꿈에그린,EV001950,01,02,"충청남도 천안시 동남구 다가말2길 54 (다가동, 한화꿈에그린아파트)",36.7978458774078,127.137885526764,"24시간 이용가능,입주민만 사용가능 거주자외출입제한",EV,에버온,1661-7766,2,20230129033412,,44,Y,입주민만 사용가능 거주자외 출입제한,다가동,일봉동
충남천안 성거백승아파트,EV001987,01,02,충청남도 천안시 서북구 성거읍 천흥4길 6,36.8733778415945,127.202911747416,"24시간 이용가능,입주민만 사용가능 거주자외출입제한",EV,주식회사 에버온,1661-7766,2,20230125181850,,44,Y,입주민만 사용가능 거주자외 출입제한,성거읍 천흥리,성거읍
충남천안 직산부영아파트103동,EV001988,01,02,충청남도 천안시 서북구 직산읍 천안대로 1718,36.8941672547389,127.138579822439,"24시간 이용가능,입주민만 사용가능 거주자외출입제한",EV,주식회사 에버온,1661-7766,2,20230129032745,,44,Y,입주민만 사용가능 거주자외 출입제한,직산읍 수헐리,직산읍
충남천안 삼환나우빌108동,EV001992,01,02,충청남도 천안시 서북구 성거읍 봉주로 120,36.8767841142743,127.159047948539,"24시간 이용가능,입주민만 사용가능 거주자외출입제한",EV,주식회사 에버온,1661-7766,2,20230129072154,,44,Y,입주민만 사용가능 거주자외 출입제한,성거읍 신월리,성거읍
천안역우방아이유쉘아파트1,EV002003,01,02,충청남도 천안시 서북구 천안천6길 33,36.8172443671216,127.149155702697,"24시간 이용가능,입주민만 사용가능 거주자외출입제한",EV,주식회사 에버온,1661-7766,2,20230129125557,,44,Y,입주민만 사용가능 거주자외 출입제한,성정동,성정1동
충남천안 한성스위트빌아파트,EV002009,01,02,충청남도 천안시 서북구 부성6길 11,36.8363564590778,127.133902699879,"24시간 이용가능,입주민만 사용가능 거주자외출입제한",EV,주식회사 에버온,1661-7766,2,20230129032407,,44,Y,입주민만 사용가능 거주자외 출입제한,두정동,부성2동
충남천안 성거벽산아파트103동,EV002156,01,02,충청남도 천안시 서북구 성거읍 봉주로 107-6,36.878686444721,127.157477969394,"24시간 이용가능,입주민만 사용가능 거주자외출입제한",EV,주식회사 에버온,1661-7766,2,20230125181825,,44,Y,입주민만 사용가능 거주자외 출입제한,성거읍 신월리,성거읍
충남천안 쌍용자이아파트101동,EV002158,01,02,충청남도 천안시 서북구 월봉1길 15,36.7880387882331,127.116391046014,"24시간 이용가능,입주민만 사용가능 거주자외출입제한",EV,주식회사 에버온,1661-7766,2,20230129032744,,44,Y,입주민만 사용가능 거주자외 출입제한,쌍용동,쌍용2동
충남천안 e편한세상천안부성아파트104동,EV002161,01,02,충청남도 천안시 서북구 천안대로 1287-1,36.8559135145158,127.151106350082,"24시간 이용가능,입주민만 사용가능 거주자외출입제한",EV,주식회사 에버온,1661-7766,2,20230128131404,,44,Y,입주민만 사용가능 거주자외 출입제한,신당동,부성1동
충남천안 백석마을중흥에스클래스,EV002164,01,02,충청남도 천안시 서북구 한들1로 152-9,36.8358981150577,127.120374164794,"24시간 이용가능,입주민만 사용가능 거주자외출입제한",EV,주식회사 에버온,1661-7766,2,20230129032408,,44,Y,입주민만 사용가능 거주자외 출입제한,백석동,백석동
충남천안 백석푸르지오101동,EV002165,01,02,충청남도 천안시 서북구 한들2로 88,36.8292521989463,127.120798231112,"24시간 이용가능,아파트 입주민만 사용가능",EV,주식회사 에버온,1661-7766,2,20230125181927,,44,Y,아파트 입주민만 사용가능,백석동,백석동
충남천안 성거삼일아파트,EV002229,01,02,충청남도 천안시 서북구 성거읍 성거길 103,36.8750588813586,127.200500238108,"24시간 이용가능,입주민만 사용가능 거주자외출입제한",EV,주식회사 에버온,1661-7766,2,20230128061411,,44,Y,입주민만 사용가능 거주자외 출입제한,성거읍 저리,성거읍
충남천안 힐스테이트천안신부아파트 109동,EV002250,01,02,충청남도 천안시 동남구 북일로 70,36.8270312592615,127.155867333169,"24시간 이용가능,입주민만 사용가능 거주자외출입제한",EV,주식회사 에버온,1661-7766,2,20230129032407,,44,Y,입주민만 사용가능 거주자외 출입제한,신부동,신안동
충남천안 성환이화아파트,EV002257,01,02,충청남도 천안시 서북구 성환읍 율금1길 276,36.9027473387101,127.109374232073,"24시간 이용가능,입주민만 사용가능 거주자외출입제한",EV,주식회사 에버온,1661-7766,2,20230128034721,,44,Y,입주민만 사용가능 거주자외 출입제한,성환읍 율금리,성환읍
충남천안 신성미소지움 111동,EV002258,01,02,충청남도 천안시 동남구 천안대로 483-8,36.7936484940028,127.164211726479,"24시간 이용가능,입주민만 사용가능 거주자외출입제한",EV,주식회사 에버온,1661-7766,2,20230129032026,,44,Y,입주민만 사용가능 거주자외 출입제한,구성동,청룡동
충남천안 지웰더샵아파트 101동,EV002272,01,02,충청남도 천안시 서북구 불당26로 77,36.8160608210984,127.104893730194,"24시간 이용가능,입주민만 사용가능 거주자외출입제한",EV,주식회사 에버온,1661-7766,2,20230129072158,,44,Y,입주민만 사용가능 거주자외 출입제한,불당동,불당2동
충남천안 청수한양수자인아파트1,EV002276,01,02,충청남도 천안시 동남구 청수4로 11,36.7831162986193,127.149575961484,"24시간 이용가능,입주민만 사용가능 거주자외출입제한",EV,주식회사 에버온,1661-7766,2,20230128211625,,44,Y,입주민만 사용가능 거주자외 출입제한,청당동,청룡동
충남천안 불당호반써밋플레이스아파트 204동,EV002278,01,02,충청남도 천안시 서북구 불당21로 40,36.8130061408921,127.1045945918,"24시간 이용가능,입주민만 사용가능 거주자외출입제한",EV,주식회사 에버온,1661-7766,2,20230125181822,,44,Y,입주민만 사용가능 거주자외 출입제한,불당동,불당2동
충남천안 월봉대우아파트 104동,EV002283,01,02,충청남도 천안시 서북구 월봉4로 88-11,36.7960731742422,127.115592097645,"24시간 이용가능,입주민만 사용가능 거주자외출입제한",EV,주식회사 에버온,1661-7766,2,20230125181822,,44,Y,입주민만 사용가능 거주자외 출입제한,쌍용동,쌍용2동
충남천안 안서금호어울림아파트,EV002368,01,02,충청남도 천안시 동남구 문암1길 68,36.8405123616813,127.176735666574,"24시간 이용가능,입주민만 사용가능 거주자외출입제한",EV,주식회사 에버온,1661-7766,2,20230129112558,,44,Y,입주민만 사용가능 거주자외 출입제한,안서동,신안동
천안두정 경남아너스빌아파트,EV002375,01,02,충청남도 천안시 서북구 두정중11길 17,36.8382445514544,127.138771128959,"24시간 이용가능,입주민만 사용가능 거주자외출입제한",EV,주식회사 에버온,1661-7766,2,20230129010219,,44,Y,입주민만 사용가능 거주자외 출입제한,두정동,부성1동
충남천안 청수경남아너스빌 103동,EV002383,01,02,충청남도 천안시 동남구 청수로 15,36.7887845762134,127.149432705634,"24시간 이용가능,입주민만 사용가능 거주자외출입제한",EV,주식회사 에버온,1661-7766,2,20230129063554,,44,Y,입주민만 사용가능 거주자외 출입제한,청수동,청룡동
충남천안 쌍용모란아파트3동,EV002400,01,02,충청남도 천안시 서북구 쌍용17길 8,36.7999364583201,127.122139938833,"24시간 이용가능,입주민만 사용가능 거주자외출입제한",EV,주식회사 에버온,1661-7766,2,20230128063811,,44,Y,입주민만 사용가능 거주자외 출입제한,쌍용동,쌍용2동
충남천안 대원칸타빌아파트1주차장,EV002427,01,02,충청남도 천안시 서북구 불당11로 82,36.8041428419717,127.116211467393,"24시간 이용가능,입주민만 사용가능 거주자외출입제한",EV,주식회사 에버온,1661-7766,2,20230128215420,,44,Y,입주민만 사용가능 거주자외 출입제한,불당동,불당1동
천안 불당리더힐스2,EV002450,01,02,충청남도 천안시 서북구 불당24로 10,36.8227120371508,127.102578611022,"24시간 이용가능,입주민만 사용가능 거주자외출입제한",EV,주식회사 에버온,1661-7766,2,20230129112758,,44,Y,입주민만 사용가능 거주자외 출입제한,불당동,불당2동
천안 쌍용동일하이빌101동,EV002493,01,02,충청남도 천안시 서북구 충무로 5-16,36.7857573934593,127.113828914647,"24시간 이용가능,입주민만 사용가능 거주자외출입제한",EV,주식회사 에버온,1661-7766,2,20230128123758,,44,Y,입주민만 사용가능 거주자외 출입제한,쌍용동,쌍용2동
천안 현대아이파크홈타운1단지1주차장,EV002511,01,02,충청남도 천안시 서북구 충무로 124-24,36.7904667819932,127.124630748939,"24시간 이용가능,입주민만 사용가능 거주자외출입제한",EV,주식회사 에버온,1661-7766,2,20230129025133,,44,Y,입주민만 사용가능 거주자외 출입제한,쌍용동,쌍용2동
충남천안 대림한내아파트,EV002516,01,02,충청남도 천안시 동남구 터미널9길 31,36.8241650303101,127.156541664507,"24시간 이용가능,입주민만 사용가능 거주자외출입제한",EV,주식회사 에버온,1661-7766,2,20230127145251,,44,Y,입주민만 사용가능 거주자외 출입제한,신부동,신안동
충남천안 쌍용주공7단지3차 305동,EV002517,01,02,충청남도 천안시 서북구 쌍용11길 58,36.8016896555614,127.124492727917,"24시간 이용가능,입주민만 사용가능 거주자외출입제한",EV,주식회사 에버온,1661-7766,2,20230128070610,,44,Y,입주민만 사용가능 거주자외 출입제한,쌍용동,쌍용3동
충남천안 쌍용9단지2차(우),EV002523,01,02,충청남도 천안시 서북구 봉서산샛길 65,36.8062574180569,127.120972999972,"24시간 이용가능,입주민만 사용가능 거주자외출입제한",EV,주식회사 에버온,1661-7766,2,20230127022936,,44,Y,입주민만 사용가능 거주자외 출입제한,쌍용동,쌍용3동
충남천안 쌍용현대3차301동,EV002593,01,02,충청남도 천안시 서북구 충무로 208,36.796054048762,127.131163241461,"24시간 이용가능,입주민만 사용가능 거주자외출입제한",EV,주식회사 에버온,1661-7766,2,20230129003821,,44,Y,입주민만 사용가능 거주자외 출입제한,쌍용동,쌍용1동
충남천안 입장한성아파트114동,EV002613,01,02,충청남도 천안시 서북구 입장면 도림길 10,36.9153822337657,127.245398153653,"24시간 이용가능,입주민만 사용가능 거주자외출입제한",EV,주식회사 에버온,1661-7766,2,20230125181843,,44,Y,입주민만 사용가능 거주자외 출입제한,입장면 도림리,입장면
충남천안 청수부영아파트713동,EV002615,01,02,충청남도 천안시 동남구 청수8로 72,36.7893602791648,127.159037472765,"24시간 이용가능,입주민만 사용가능 거주자외출입제한",EV,주식회사 에버온,1661-7766,2,20230126042301,,44,Y,입주민만 사용가능 거주자외 출입제한,청당동,청룡동
충남천안 신동아파밀리에101동,EV002632,01,02,충청남도 천안시 서북구 천안천4길 18-10,36.8080655060112,127.143942849102,"24시간 이용가능,입주민만 사용가능 거주자외출입제한",EV,주식회사 에버온,1661-7766,2,20230125181825,,44,Y,입주민만 사용가능 거주자외 출입제한,와촌동,성정1동
충남천안 용곡삼성쉐르빌,EV002647,01,02,충청남도 천안시 동남구 일봉로 110,36.7879326689718,127.13669072923,"24시간 이용가능,입주민만 사용가능 거주자외출입제한",EV,주식회사 에버온,1661-7766,2,20230128080559,,44,Y,입주민만 사용가능 거주자외 출입제한,용곡동,일봉동
충남천안 대림한들아파트,EV002689,01,02,충청남도 천안시 동남구 터미널9길 59,36.8240777079277,127.158179638116,"24시간 이용가능,입주민만 사용가능 거주자외출입제한",EV,주식회사 에버온,1661-7766,2,20230129053811,,44,Y,입주민만 사용가능 거주자외 출입제한,신부동,신안동
충남천안 청당벽산블루밍102동,EV002726,01,02,충청남도 천안시 동남구 청당2길 118,36.7797751268092,127.154247862962,"24시간 이용가능,입주민만 사용가능 거주자외출입제한",EV,주식회사 에버온,1661-7766,2,20230129105559,,44,Y,입주민만 사용가능 거주자외 출입제한,청당동,청룡동
충남천안 백석계룡리슈빌113동,EV002795,01,02,충청남도 천안시 서북구 한들3로 107,36.832663272848,127.123235930678,"24시간 이용가능,입주민만 사용가능 거주자외출입제한",EV,주식회사 에버온,1661-7766,1,20230129032744,,44,Y,입주민만 사용가능 거주자외 출입제한,백석동,백석동
충남천안 용곡한라비발디105동,EV002911,01,02,충청남도 천안시 동남구 용곡2길 43-11,36.7874161905832,127.135553230895,"24시간 이용가능,입주민만 사용가능 거주자외출입제한",EV,주식회사 에버온,1661-7766,2,20230129015118,,44,Y,입주민만 사용가능 거주자외 출입제한,용곡동,일봉동
천안 월봉일성아파트5주차장,EV002956,01,02,충청남도 천안시 서북구 월봉4로 120-16,36.7962254199454,127.117474818949,"24시간 이용가능,입주민만 사용가능 거주자외출입제한",EV,주식회사 에버온,1661-7766,2,20230129041035,,44,Y,입주민만 사용가능 거주자외 출입제한,쌍용동,쌍용2동
충남천안 스카이타워,EV002978,01,02,충청남도 천안시 동남구 먹거리11길 5,36.8181664995661,127.152894633733,24시간 이용가능/입주민만이용가능,EV,주식회사 에버온,1661-7766,2,20230127111124,,44,Y,입주민만이용가능,신부동,신안동
천안 레이크타운2차푸르지오B2,EV002987,01,02,충청남도 천안시 서북구 성성9로 14,36.8412081869034,127.132057161454,"24시간 이용가능,입주민만 사용가능 거주자외출입제한",EV,주식회사 에버온,1661-7766,2,20230128201102,,44,Y,입주민만 사용가능 거주자외 출입제한,성성동,부성2동
충남 천안목천부영1차121동,EV003004,01,02,충청남도 천안시 동남구 목천읍 삼성5길 42,36.7590267773911,127.177249499795,"24시간 이용가능,입주민만 사용가능 거주자외출입제한",EV,주식회사 에버온,1661-7766,2,20230128203454,,44,Y,입주민만 사용가능 거주자외 출입제한,목천읍 삼성리,목천읍
롬엔드하스전자재료코리아,EV003006,01,02,충청남도 천안시 서북구 3공단1로 56,36.8351484057258,127.111682637569,소유주 요청에따라 이용이 제한될수있음,EV,주식회사 에버온,1661-7766,2,20230129070102,,44,Y,,백석동,백석동
충남천안 청수중흥S클래스605동,EV003063,01,02,충청남도 천안시 동남구 청수14로 117,36.7876003767985,127.1593946966,"24시간 이용가능,입주민만 사용가능 거주자외출입제한",EV,주식회사 에버온,1661-7766,2,20230129032739,,44,Y,입주민만 사용가능 거주자외 출입제한,청당동,청룡동
충남천안 세광엔리치빌203동,EV003100,01,02,충청남도 천안시 서북구 늘푸른1길 29,36.8284481627766,127.129260804758,"24시간 이용가능,입주민만 사용가능 거주자외출입제한",EV,주식회사 에버온,1661-7766,2,20230127111855,,44,Y,입주민만 사용가능 거주자외 출입제한,두정동,부성2동
충남천안 쌍용현대1차아파트,EV003126,01,02,충청남도 천안시 서북구 새말3길 29,36.7954309089214,127.132320615232,"24시간 이용가능,입주민만 사용가능 거주자외출입제한",EV,주식회사 에버온,1661-7766,2,20230129113556,,44,Y,입주민만 사용가능 거주자외 출입제한,쌍용동,쌍용1동
충남천안 부경파크빌2차105동,EV003140,01,02,충청남도 천안시 동남구 성불사길 36,36.828664421243,127.188707027688,"24시간 이용가능,입주민만 사용가능 거주자외출입제한",EV,주식회사 에버온,1661-7766,2,20230126083449,,44,Y,입주민만 사용가능 거주자외 출입제한,안서동,신안동
충남천안_모트렉스,EV003222,01,02,충청남도 천안시 동남구 풍세면 풍세산단4로 62-7,36.7294704450376,127.099456780209,"평일 09시~18시 이용가능, 주말/공휴일 이용불가",EV,주식회사 에버온,1661-7766,1,20230129032753,,44,Y,,풍세면 용정리,풍세면
충남천안_두정4차푸르지오1주차장,EV003252,01,02,충청남도 천안시 서북구 늘푸른1길 50,36.8296677690422,127.129879155815,"24시간 이용가능,입주민만 사용가능 거주자외출입제한",EV,주식회사 에버온,1661-7766,2,20230129032408,,44,Y,입주민만 사용가능 거주자외 출입제한,두정동,부성2동
학산파크뷰단지관리단B1(전기실우측),EV003282,01,02,충청남도 천안시 동남구 태조산길 133,36.8158132051356,127.177210326111,"24시간 이용가능,입주민만 사용가능 거주자외출입제한",EV,주식회사 에버온,1661-7766,2,20230128193837,,44,Y,입주민만 사용가능 거주자외 출입제한,유량동,원성1동
충남천안_동보아파트,EV003335,01,02,충청남도 천안시 동남구 각원사길 59-5,36.8311878451726,127.177796963363,"24시간 이용가능,입주민만 사용가능 거주자외출입제한",EV,주식회사 에버온,1661-7766,2,20230125181832,,44,Y,입주민만 사용가능 거주자외 출입제한,안서동,신안동
천안메트로관광호텔,EV003744,01,02,충청남도 천안시 동남구 대흥로 241-11,36.8105643508549,127.147928494101,24시간 이용가능,EV,에버온,1661-7766,2,20230125181854,,44,Y,입주민만이용가능,대흥동,중앙동
듀폰코리아1_1공장,EV003893,01,02,충청남도 천안시 서북구 3공단6로 130,36.8450801603622,127.110587899453,24시간 이용가능,EV,에버온,1661-7766,2,20230127172532,,44,Y,외부인 사용불가,차암동,부성2동
충남천안 천안레이크타운3차푸르지오아파트 204동,EV004378,01,02,충청남도 천안시 서북구 성성6로 68,36.8411749200714,127.126350716388,24시간 이용가능,EV,에버온,1661-7766,3,20230129133157,,44,Y,외부인 사용불가,성성동,부성2동
충남천안 백석3차아파트 305동,EV004441,01,02,충청남도 천안시 서북구 한들3로 36-17,36.8270198751375,127.125248783156,24시간 이용가능,EV,에버온,1661-7766,2,20230128225839,,44,Y,외부인 사용불가,백석동,백석동
충남천안 시영2차아파트,EV004456,01,02,충청남도 천안시 서북구 쌍용18길 69,36.7976236151605,127.124446482217,24시간 이용가능,EV,에버온,1661-7766,2,20230128004116,,44,Y,외부인 사용불가,쌍용동,쌍용2동
충남천안 두정우성아파트 1주차장,EV004475,01,02,충청남도 천안시 서북구 두정고7길 36,36.8365877416436,127.132482953303,24시간 이용가능,EV,에버온,1661-7766,2,20230125181857,,44,Y,외부인 사용불가,두정동,부성2동
충남천안 청당코오롱하늘채아파트 지하2층1,EV004640,01,02,충청남도 천안시 동남구 광풍로 1800,36.7790614497311,127.145148612702,24시간 이용가능,EV,에버온,1661-7766,2,20230129012045,,44,Y,외부인 사용불가,청당동,청룡동
충남천안 부경파크빌1차 109동,EV004681,01,02,충청남도 천안시 동남구 병천면 5산단로 419,36.7637792450206,127.264979446722,24시간 이용가능,EV,에버온,1661-7766,2,20230128032836,,44,Y,외부인 사용불가,병천면 가전리,병천면
충남천안 부경타운하우스2단지1주차장,EV004697,01,02,충청남도 천안시 동남구 병천면 5산단로 420,36.7625390820476,127.266050688964,24시간 이용가능,EV,에버온,1661-7766,3,20230129133956,,44,Y,외부인 사용불가,병천면 가전리,병천면
충남천안 e편한세상두정2차1,EV004715,01,02,충청남도 천안시 서북구 노태산로 145,36.8373906851419,127.13039310427,24시간 이용가능,EV,에버온,1661-7766,2,20230129021629,,44,Y,외부인 사용불가,두정동,부성2동
충남천안 두레현대2단지아파트 A주차장,EV004748,01,02,충청남도 천안시 동남구 서부대로 252,36.7915156728683,127.130352628969,24시간 이용가능,EV,에버온,1661-7766,2,20230125181858,,44,Y,외부인 사용불가,신방동,신방동
충남천안 광명아파트2,EV004834,01,02,충청남도 천안시 서북구 미라2길 19,36.8014416414255,127.128834420719,24시간 이용가능,EV,에버온,1661-7766,3,20230129120651,,44,Y,외부인 사용불가,쌍용동,쌍용1동
충남청안 한화아파트,EV004862,01,02,충청남도 천안시 동남구 신부15길 7,36.8202677240425,127.161934034629,24시간 이용가능,EV,에버온,1661-7766,2,20230125181850,,44,Y,외부인 사용불가,신부동,신안동
충남천안 목천연합초원아파트,EV004994,01,02,충청남도 천안시 동남구 목천읍 목천안터2길 9,36.7753428735731,127.211127744608,24시간 이용가능,EV,에버온,1661-7766,2,20230128015311,,44,Y,외부인 사용불가,목천읍 신계리,목천읍
충남천안 레이크타운푸르지오1,EV005013,01,02,충청남도 천안시 서북구 성성6로 111,36.8425192661318,127.132245973401,24시간 이용가능,EV,에버온,1661-7766,2,20230128031704,,44,Y,외부인 사용불가,성성동,부성2동
충남천안 청당한양수자인블루시티1,EV005132,01,02,충청남도 천안시 동남구 청당4로 60,36.7775486289588,127.151743020652,24시간 이용가능,EV,에버온,1661-7766,2,20230128235118,,44,Y,외부인 사용불가,청당동,청룡동
충남천안 천안불당대동다숲아파트1,EV005319,01,02,충청남도 천안시 서북구 시청로 39,36.8063869921013,127.111385466306,24시간 이용가능,EV,에버온,1661-7766,2,20230129031821,,44,Y,외부인 사용불가,불당동,불당1동
충남천안 계룡푸른마을아파트,EV005564,01,02,충청남도 천안시 서북구 충무로 143-8,36.7947210565728,127.123913498304,24시간 이용가능,EV,에버온,1661-7766,2,20230126031734,,44,Y,외부인 사용불가,쌍용동,쌍용2동
행정타운두산위브더파크아파트1,EV005733,01,02,충청남도 천안시 동남구 청당3길 147,36.780239497237,127.161161628786,24시간 이용가능,EV,에버온,1661-7766,2,20230125181716,,44,Y,외부인 사용불가,청당동,청룡동
충남천안 더레지던스,EV005791,01,02,충청남도 천안시 동남구 문암4길 14,36.8416001681425,127.178909789509,24시간 이용가능,EV,에버온,1661-7766,9,,,44,Y,외부인 사용불가,안서동,신안동
충남천안 신동아목련1,EV005840,01,02,충청남도 천안시 동남구 새말4길 5,36.7936992870927,127.131791372198,24시간 이용가능,EV,에버온,1661-7766,2,20230127232440,,44,Y,외부인 사용불가,신방동,신방동
충남천안 고운라피네아파트 1,EV005934,01,02,충청남도 천안시 동남구 목천읍 성남로 35,36.7701509584239,127.207312952922,24시간 이용가능,EV,에버온,1661-7766,2,20230129064012,,44,Y,외부인 사용불가,목천읍 천정리,목천읍
충남천안 삼일원앙아파트,EV006109,01,02,충청남도 천안시 동남구 신촌로 5,36.7896826529797,127.11987664852,24시간 이용가능,EV,에버온,1661-7766,2,20230125181915,,44,Y,외부인 사용불가,신방동,신방동
충남천안 미래에이스하이테크시티 1,EV006836,01,02,충청남도 천안시 서북구 백석공단1로 10,36.823817261009,127.111088362127,24시간 이용가능,EV,에버온,1661-7766,2,20230125181933,,44,Y,,백석동,백석동
충남천안 센트하임프라자,EV006987,01,02,충청남도 천안시 서북구 1공단1길 52,36.8324040150032,127.147973897088,24시간 이용가능,EV,에버온,1661-7766,2,20230125181738,,44,Y,,두정동,부성1동
충남천안 대림한숲아파트 1,EV007040,01,02,충청남도 천안시 동남구 터미널6길 12,36.8220922633172,127.160890564938,24시간 이용가능,EV,에버온,1661-7766,2,20230125181926,,44,Y,외부인 사용불가,신부동,신안동
충남천안 불당한화꿈에그린아파트,EV007101,01,02,충청남도 천안시 서북구 광장로 260,36.8011380404704,127.112698864767,24시간 이용가능,EV,에버온,1661-7766,2,20230125181931,,44,Y,외부인 사용불가,불당동,불당1동
충남천안 한라동백2차아파트 1,EV007284,01,02,충청남도 천안시 동남구 서부대로 226-12,36.7874627117889,127.130043272454,24시간 이용가능,EV,에버온,1661-7766,1,20230126073953,,44,Y,외부인 사용불가,신방동,신방동
충남천안 두정역푸르지오1,EV007313,01,02,충청남도 천안시 서북구 두정역길 48,36.834501473394,127.150809078538,24시간 이용가능,EV,에버온,1661-7766,2,20230129123603,,44,Y,외부인 사용불가,두정동,부성1동
충남천안 현대2차아파트,EV007631,01,02,충청남도 천안시 동남구 새말4길 12,36.7947967432678,127.133175095229,24시간 이용가능,EV,에버온,1661-7766,2,20230128090212,,44,Y,외부인 사용불가,신방동,신방동
충남천안 학산리젠다빌2차,EV008127,01,02,충청남도 천안시 서북구 동서대로 129-22,36.8278316833363,127.13794996354,24시간 이용가능,EV,에버온,1661-7766,9,,,44,Y,외부인 사용불가,성정동,성정2동
충남천안 프라지움11차,EV008128,01,02,충청남도 천안시 서북구 동서대로 165,36.8258953445761,127.141736575656,24시간 이용가능,EV,에버온,1661-7766,9,,,44,Y,외부인 사용불가,성정동,성정2동
충남천안 시영1차아파트,EV008209,01,02,충청남도 천안시 서북구 봉서2길 7,36.8079646180778,127.129156436937,24시간 이용가능,EV,에버온,1661-7766,2,20230125181957,,44,Y,외부인 사용불가,쌍용동,쌍용1동
충북천안 엘에이치천년나무7단지1,EV008479,01,02,충청남도 천안시 서북구 불당26로 99,36.8182160776744,127.105626414373,24시간 이용가능,EV,에버온,1661-7766,2,20230129093206,,44,Y,외부인 출입불가,불당동,불당2동
충남천안 우방유쉘2단지아파트,EV008688,01,02,충청남도 천안시 동남구 중앙로 255-21,36.8204548732758,127.149987750799,24시간 이용가능,EV,에버온,1661-7766,2,20230127211228,,44,Y,외부인 출입불가,신부동,신안동
남경오피스텔,EZ200012,01,02,충청남도 천안시 서북구 양지14길 8,36.8095561249276,127.140093039741,24시간 이용가능,EZ,(주)차지인,1577-8961,2,20230127130605,,44,N,,성정동,성정1동
프라임호텔,EZ200021,01,02,충청남도 천안시 동남구 신부2길 36,36.8188089015707,127.160150357318,24시간 이용가능,EZ,(주)차지인,1577-8961,2,20230116113909,,44,N,,신부동,신안동
보타닉호텔,EZ200029,01,02,충청남도 천안시 동남구 목천읍 응원3길 33,36.7686037530347,127.188167835882,24시간 이용가능,EZ,(주)차지인,1577-8961,2,20230127125505,,44,N,,목천읍 응원리,목천읍
닉스폭스호텔,EZ200047,01,02,충청남도 천안시 서북구 차돌들길 11-6,36.7976050916379,127.128310555313,24시간 이용가능,EZ,(주)차지인,1577-8961,2,20230129025206,,44,N,,쌍용동,쌍용1동
모텔제우스,EZ200082,01,02,충청남도 천안시 동남구 미나릿길 18-5,36.8009076193272,127.152264084581,24시간 이용가능,EZ,(주)차지인,1577-8961,2,20230127124605,,44,N,,영성동,중앙동
천안시청,GN000227,01,02,충청남도 천안시 서북구 번영로 156,36.8161298541125,127.113046978689,주중:09시~18시,GN,지커넥트,1544-4279,3,20230129120244,,44,Y,,불당동,불당1동
천안시 봉명동사무소,GN000685,01,02,충청남도 천안시 동남구 봉정로 39,36.8057720667211,127.139422748917,24시간 이용가능,GN,지커넥트,1544-4279,2,20230129094011,,44,Y,,봉명동,봉명동
천안시 성정2동행정복지센터,GN001011,01,02,충청남도 천안시 서북구 서부1길 57,36.8238561642039,127.137492014464,24시간 이용가능,GN,지커넥트,1544-4279,2,20230129034102,,44,Y,,성정동,성정2동
부성1동행정복지센터,GN001039,01,02,충청남도 천안시 서북구 부대중앙길 51,36.8427474863136,127.152229836706,주중:09시~18시,GN,지커넥트,1544-4279,2,20230126141317,,44,Y,,부대동,부성1동
천안불당동행정복지센터,GN005973,01,02,충청남도 천안시 서북구 봉서산로 64,36.8059419748577,127.113721845935,09:00~18:00,GN,지커넥트,1544-4279,2,20230129093121,,44,Y,,불당동,불당1동
파크밸리동일하이빌,GN006035,01,05,충청남도 천안시 서북구 봉서산1길 35,36.8118781682897,127.121961888751,24시간 이용가능,GN,지커넥트,1544-4279,2,20230126200459,,44,Y,,쌍용동,쌍용3동
월봉현대아파트,GN007438,01,02,충청남도 천안시 서북구 월봉4로 91,36.7961989633413,127.1137290667,08:00~20:00,GN,지커넥트,1544-4279,2,20230129034028,,44,Y,,쌍용동,쌍용2동
불당_아리스타팰리스,GN008519,01,02,충청남도 천안시 서북구 불당23로 73-30,36.8200590189424,127.1103968812,08:00~22:00,GN,지커넥트,1544-4279,2,20230129051146,,44,Y,,불당동,불당2동
임페리움,GN009755,01,02,충청남도 천안시 동남구 신부12길 19,36.8183802474766,127.160348403902,08:00~22:00,GN,지에스커넥트,1544-4279,2,20230116154956,,44,Y,,신부동,신안동
봉명청솔3차아파트,GN009928,01,02,충청남도 천안시 동남구 봉서8길 13,36.811348418518,127.133365809332,08:00~22:00,GN,지에스커넥트,1544-4279,2,20230128204026,,44,Y,,봉명동,봉명동
금정샛별아파트,GN012966,01,02,충청남도 천안시 서북구 성거읍 망향로 811,36.8883969954654,127.207195178827,08:00~22:00,GN,지에스커넥트,15444279,2,20230112184136,,44,Y,,성거읍 오목리,성거읍
MG인재개발원,GN013142,01,02,충청남도 천안시 동남구 목천읍 삼방로 346,36.798653476361,127.242954914408,08:00 ~ 22:00,GN,지에스커넥트,1544-4279,2,20230112184141,,44,N,,목천읍 동리,목천읍
대전대학교 천안 한방병원,GN013775,01,02,충청남도 천안시 서북구 노태산로 4,36.8253725757697,127.127857882451,00:00~24:00,GN,지에스커넥트,1544-4279,2,20230118170047,,44,Y,,두정동,부성2동
쌍용2동주민센터,GN020229,01,02,충청남도 천안시 서북구 쌍용14길 70,36.7962573404721,127.123502857361,24시간 이용가능,GN,지커넥트,1544-4279,2,20230129124112,,44,Y,,쌍용동,쌍용2동
백석동행정복지센터,GN020349,01,02,충청남도 천안시 서북구 번영로 208,36.8191007470086,127.113305208572,24시간 이용가능,GN,지커넥트,1544-4279,2,20230128142145,,44,Y,,백석동,백석동
원성2동사무소,GN020580,01,02,충청남도 천안시 동남구 고재15길 15,36.8014225799507,127.160840258598,24시간 이용가능,GN,지커넥트,1544-4279,2,20230128081039,,44,Y,,원성동,원성2동
성정1동사무소,GN020581,01,02,충청남도 천안시 서북구 성정8길 5,36.8179279623663,127.141323894348,24시간 이용가능,GN,지커넥트,1544-4279,2,20230129101031,,44,Y,,성정동,성정1동
타워장모텔,GN020584,01,02,충청남도 천안시 동남구 공설시장1길 18-6,36.8102742583724,127.149820073291,24시간 이용가능,GN,지커넥트,1544-4279,2,20230112184056,,44,Y,,대흥동,중앙동
쌍용1동주민센터,GN020588,01,02,충청남도 천안시 서북구 미라10길 21,36.8040419362021,127.130527039776,09:00~18:00,GN,지커넥트,1544-4279,2,20230128224137,,44,Y,,쌍용동,쌍용1동
천안시티자이아파트,GN021029,01,02,충청남도 천안시 서북구 성성6로 21,36.8415005347737,127.121023891904,24시간 이용가능,GN,지커넥트,1544-4279,9,20220919170810,,44,Y,,성성동,부성2동
충남대형정비사업소,GN030178,01,02,충청남도 천안시 서북구 성거읍 망향로 310,36.8487673618222,127.183119888079,24시간 이용가능,GN,지커넥트,1544-4279,2,20230112184126,,44,Y,,성거읍 요방리,성거읍
티웨딩(천안점),GN030380,01,02,충청남도 천안시 동남구 목천읍 응원3길 27,36.7698328933354,127.187985466233,09:00~18:00,GN,지커넥트,1544-4279,2,20230112184138,,44,N,,목천읍 응원리,목천읍
남부현대모터스,GN035022,01,02,충청남도 천안시 동남구 광풍로 1765,36.7763480221684,127.142606188579,24시간 이용가능,GN,지커넥트,1544-4279,2,20230112184035,,44,Y,,청당동,청룡동
일성3차능수아파트,GN063509,01,02,충청남도 천안시 서북구 쌍용17길 25,36.7982611508619,127.124102849599,08:00 ~ 20:00,GN,지에스커넥트,1544-4279,2,20230129085959,,44,Y,,쌍용동,쌍용2동
디엠센텀시티관리단,GN063515,01,02,충청남도 천안시 서북구 불당25로 236,36.8219790911311,127.110020010576,08:00~22:00,GN,지에스커넥트,1544-4279,2,20230129034032,,44,Y,,불당동,불당2동
직산한양수자인아파트,GN063579,01,02,충청남도 천안시 서북구 직산읍 천안밸리로 22-11,36.8826273984842,127.147945452121,08:00~22:00,GN,지에스커넥트,1544-4279,2,20230112184014,,44,Y,,직산읍 삼은리,직산읍
불당아이파크,GN064919,01,02,충청남도 천안시 서북구 불당17길 14,36.8091043219242,127.11029060282,00:00~24:00,GN,지에스커넥트,1544-4279,2,20230120124127,,44,Y,,불당동,불당1동
극동늘푸른아파트,GN100071,01,02,충청남도 천안시 서북구 늘푸른6길 42,36.8284719354431,127.132307096209,24시간 이용가능,GN,지커넥트,1544-4279,2,20230128094105,,44,Y,,두정동,부성2동
호반리젠시빌아파트,GN100087,01,02,충청남도 천안시 서북구 백석2길 40,36.820397525195,127.121173685278,24시간 이용가능,GN,지커넥트,1544-4279,2,20230112184037,,44,Y,,백석동,백석동
연합초원아파트,GN100089,01,02,충청남도 천안시 동남구 목천읍 충절로 1095,36.77283537929,127.229967264078,24시간 이용가능,GN,지커넥트,1544-4279,2,20230112184042,,44,Y,,목천읍 운전리,목천읍
향촌현대아파트,GN100117,01,02,충청남도 천안시 동남구 서부대로 226-11,36.7885098741024,127.130145985783,24시간 이용가능,GN,지커넥트,1544-4279,2,20230129083212,,44,Y,,신방동,신방동
월봉벽산태영아파트,GN100118,01,02,충청남도 천안시 서북구 월봉4로 140-16,36.7985829805676,127.11703851135,24시간 이용가능,GN,지커넥트,1544-4279,3,20230129101108,,44,Y,,쌍용동,쌍용2동
쌍용역푸르지오,GN100165,01,02,충청남도 천안시 서북구 충무로 93,36.7919558850827,127.118715867991,24시간 이용가능,GN,지커넥트,1544-4279,2,20230123142201,,44,Y,,쌍용동,쌍용2동
일봉동 행정복지센터,GN100288,01,02,충청남도 천안시 동남구 신용로 48,36.8012267750575,127.142083628869,평일 09:00~18:00,GN,지커넥트,1544-4279,2,20230128173039,,44,Y,,다가동,일봉동
부성2동행정복지센터,GN100289,01,02,충청남도 천안시 서북구 부성7길 39-5,36.8373371331217,127.137922974428,평일 09:00~18:00,GN,지커넥트,1544-4279,3,20230129141105,,44,Y,,두정동,부성2동
우리네주유소,GS000096,01,04,충청남도 천안시 동남구 서부대로 235,36.7892496319941,127.128457169576,24시간 이용가능,GS,GS칼텍스,02-1544-5151,2,20230129140608,,44,Y,,신방동,신방동
롯데마트 성정점,HE000658,01,06,충청남도 천안시 서북구 성정두정로 1,36.826289449917,127.140096973863,24시간 이용가능,HE,한국전기차충전서비스,1522-1782,2,20230129120545,,44,Y,,성정동,성정2동
워시플러스 천안지점,HE001112,01,04,충청남도 천안시 동남구 만남로 138,36.8243006164703,127.164116241246,24시간 이용가능,HE,한국전기차충전서비스,1522-1782,2,20230128174426,,44,Y,,신부동,신안동
코스트코 천안점,HE001135,01,04,충청남도 천안시 서북구 3공단6로 77,36.8427208054632,127.105418949369,10:00-22:00,HE,한국전기차충전서비스,1522-1782,2,20230128165826,,44,Y,,차암동,부성2동
천안무인텔 폴라리스,HE192165,01,02,충청남도 천안시 동남구 목천읍 종합휴양지2길 12,36.7609864304956,127.226584242297,24시간 이용가능,HE,한국전기차충전서비스,1522-1782,2,20230110153526,,44,Y,,목천읍 운전리,목천읍
오엔시티호텔,HE192286,01,02,충청남도 천안시 서북구 불당4로 105,36.8111742072799,127.111318099742,09:00~18:00,HE,한국전기차충전서비스,1522-1782,9,20230129104810,,44,Y,,불당동,불당1동
서해그랑블아파트,HE192525,01,02,충청남도 천안시 동남구 천안천공원3길 5-31,36.8031657386708,127.145330575119,24시간 이용가능,HE,한국전기차충전서비스,1522-1782,2,20230129051936,,44,Y,,다가동,일봉동
펜타포트3블럭,HE212778,01,02,충청남도 천안시 서북구 공원로 196,36.7984279064312,127.101429867826,24시간 이용가능,HE,한국전기차충전서비스,1522-1782,2,20230127204139,,44,Y,,불당동,불당1동
펜타포트1블럭,HE212828,01,02,충청남도 천안시 서북구 공원로 195,36.7998075136548,127.100682845536,24시간 이용가능,HE,한국전기차충전서비스,1522-1782,2,20230128214743,,44,Y,,불당동,불당1동
천안일봉산해피트리아파트,HE212835,01,02,충청남도 천안시 동남구 다가말2길 70,36.7975067403935,127.13939589017,24시간 이용가능,HE,한국전기차충전서비스,1522-1782,2,20230128150109,,44,Y,,다가동,일봉동
천안성환부영3차아파트,HE212837,01,02,충청남도 천안시 서북구 성환읍 천안대로 1853,36.9053997104927,127.134411825665,24시간 이용가능,HE,한국전기차충전서비스,1522-1782,2,20230128225426,,44,Y,,성환읍 매주리,성환읍
월봉청솔1단지아파트,HE212838,01,02,충청남도 천안시 서북구 월봉4로 140-9,36.8006346769169,127.117085557871,24시간 이용가능,HE,한국전기차충전서비스,1522-1782,2,20230128093127,,44,Y,,쌍용동,쌍용2동
월봉청솔2단지아파트,HE212839,01,02,충청남도 천안시 서북구 월봉7길 77,36.7936492646787,127.115412212644,24시간 이용가능,HE,한국전기차충전서비스,1522-1782,2,20230127231929,,44,Y,,쌍용동,쌍용2동
해누리선경아파트,HE212840,01,02,충청남도 천안시 서북구 충무로 158-10,36.7920980544143,127.125158412722,24시간 이용가능,HE,한국전기차충전서비스,1522-1782,2,20230129013644,,44,Y,,쌍용동,쌍용2동
프라지움8차아파트,HE212841,01,02,충청남도 천안시 서북구 오성로 130,36.8297217994332,127.141668754208,24시간 이용가능,HE,한국전기차충전서비스,1522-1782,2,20230106162543,,44,Y,,성정동,성정2동
입장연합초원아파트,HE212848,01,02,충청남도 천안시 서북구 입장면 입장로 121,36.9113852022295,127.220031836558,24시간 이용가능,HE,한국전기차충전서비스,1522-1782,2,20230126200612,,44,Y,,입장면 하장리,입장면
안서2차e편한세상아파트,HE212851,01,02,충청남도 천안시 동남구 성불사길 17,36.8300782676094,127.186416013138,24시간 이용가능,HE,한국전기차충전서비스,1522-1782,2,20230129043227,,44,Y,,안서동,신안동
신부우방아파트,HE212893,01,02,충청남도 천안시 동남구 중앙로 265-36,36.8231144642779,127.150369100313,24시간 이용가능,HE,한국전기차충전서비스,1522-1782,2,20230128044745,,44,Y,,신부동,신안동
희홍밸러뷰아파트,HM000162,01,02,충청남도 천안시 서북구 직산읍 직산로 252-10,36.8962552131922,127.166689492211,24시간 이용가능,HM,HUMAX EV,1800-3188,3,20230129110036,,44,N,,직산읍 군동리,직산읍
동일하이빌하이시티4단지,HM000312,01,02,충청남도 천안시 동남구 용곡5길 34,36.7892155085034,127.138547991745,24시간 이용가능,HM,HUMAX EV,1800-3188,3,20230129140035,,44,N,,용곡동,일봉동
두정서해그랑블아파트,HM000314,01,02,충청남도 천안시 서북구 늘푸른1길 32,36.8286002659005,127.130172942337,24시간 이용가능,HM,HUMAX EV,1800-3188,2,20230128232016,,44,N,,두정동,부성2동
목천프라임아파트,HM000374,01,02,충청남도 천안시 동남구 목천읍 충절로 892,36.7733470968792,127.210764838321,24시간 이용가능,HM,휴맥스이브이,1800-3188,2,20230129035410,,44,N,거주자외 사용불가,목천읍 신계리,목천읍
백석2차아이파크,HM000386,01,02,충청남도 천안시 서북구 한들3로 35-23,36.8243997794035,127.119233035272,24시간 이용가능,HM,HUMAX EV,1800-3188,2,20230129111214,,44,N,,백석동,백석동
성지1단지아파트,HM000457,01,02,충청남도 천안시 동남구 일봉로 17,36.7944645446972,127.130536223059,24시간 이용가능,HM,HUMAX EV,1800-3188,2,20221221165834,,44,N,,신방동,신방동
아크로텔천안두정,HM000459,01,02,충청남도 천안시 서북구 성정두정로 70,36.8319414420482,127.142167873894,24시간 이용가능,HM,HUMAX EV,1800-3188,2,20230129034822,,44,N,,두정동,부성1동
두정범양레우스알파,HM000534,01,02,충청남도 천안시 서북구 두정공원2길 26,36.8356277462607,127.15461329182,24시간 이용가능,HM,HUMAX EV,1800-3188,2,20230129003819,,44,N,,두정동,부성1동
청당마을신도브래뉴,HM000588,01,02,충청남도 천안시 동남구 풍세로 770,36.7775700708085,127.141435498573,24시간 이용가능,HM,HUMAX EV,1800-3188,2,20230127055239,,44,N,,청당동,청룡동
청수포레나,HM000691,01,02,충청남도 천안시 동남구 청수14로 13,36.7864885988799,127.147361588572,24시간 이용가능,HM,휴맥스이브이,1800-3188,2,20230129055629,,44,N,,청당동,청룡동
직산농협,HM000925,01,02,충청남도 천안시 서북구 직산읍 직산로 31,36.8801728550623,127.153726278675,24시간 이용가능,HM,휴맥스이브이,18003188,2,20230127060258,,44,Y,,직산읍 삼은리,직산읍
서일자동차정비㈜,HM001314,01,02,충청남도 천안시 서북구 두정공단1길 143,36.8385727317264,127.154204643618,24시간 이용가능,HM,휴맥스이브이,1800-3188,9,,,44,Y,,두정동,부성1동
불당호반베르디움더퍼스트아파트,HSH00690,01,02,충청남도 천안시 서북구 불당19로 200,36.8080642339437,127.102565791713,24시간 이용가능,HS,홈앤서비스,16700-119,2,20230128235357,,44,Y,,불당동,불당2동
아느칸빌아파트,HSH00691,01,02,충청남도 천안시 서북구 성거읍 성거길 181-1,36.8819538265978,127.205039894233,24시간 이용가능,HS,홈앤서비스,16700-119,2,20230128235401,,44,Y,,성거읍 저리,성거읍
충남상덕리직산산호아파트,HSH00700,01,02,충청남도 천안시 서북구 직산읍 양당율금길 4-30,36.894997725494,127.124393469591,24시간 이용가능,HS,홈앤서비스,16700-119,3,20230129120723,,44,Y,,직산읍 상덕리,직산읍
직산동보아파트,HSH01002,01,02,충청남도 천안시 서북구 직산읍 상덕로 32,36.8700231348354,127.119367826784,24시간 이용가능,HS,홈앤서비스,16700-119,1,20230126171728,,44,Y,,직산읍 모시리,직산읍
초원아파트,HSH01061,01,02,충청남도 천안시 동남구 신촌4로 16,36.7877722195836,127.126726688818,24시간 이용가능,HS,홈앤서비스,16700-119,1,20230126171705,,44,Y,,신방동,신방동
모아엘가워너비오피스텔,HSH01133,01,02,충청남도 천안시 서북구 성정공원7길 9,36.8294449053917,127.142183543705,24시간 이용가능,HS,홈앤서비스,16700-119,2,20230126170014,,44,Y,,성정동,성정2동
삼성전자 DS천안,IM990007,01,02,충청남도 천안시 서북구 번영로 465,36.8417769471557,127.118837229524,09:00~18:00,IM,아이마켓코리아,02-3708-5678,2,20230127161802,,44,N,,성성동,부성2동
삼성 SDI 천안사업장,IM990018,01,02,충청남도 천안시 서북구 번영로 467,36.8463172893591,127.114582705318,평일 09:00~18:00,IM,아이마켓코리아,02-3708-5678,3,20230129140403,,44,N,,성성동,부성2동
롯데칠성음료 천안영업소,JA440017,01,02,충청남도 천안시 서북구 천일고1길 23-11,36.8592972881172,127.155545394585,24시간 이용가능,JA,중앙제어,070-4876-3626,2,20230127155444,,44,Y,,신당동,부성1동
동부현대서비스,JE160006,01,02,충청남도 천안시 동남구 목천읍 신계2길 12-11,36.7703977173749,127.202479768669,09:00~18:00,JE,제주전기자동차서비스,1670-2690,2,20230129120012,,44,Y,,목천읍 신계리,목천읍
블루핸즈 남천안현대서비스,JE160009,01,02,충청남도 천안시 동남구 남부대로 88,36.7858698176932,127.127373226017,09:00~18:00,JE,제주전기자동차서비스,1670-2690,2,20230129034508,,44,Y,,신방동,신방동
승리운수,JE160031,01,02,충청남도 천안시 서북구 천안대로 1098,36.8402207057139,127.153414097327,09:00~18:00,JE,제주전기자동차서비스,1670-2690,2,20230129135408,,44,Y,,부대동,부성1동
동남구청,JE160047,01,06,충청남도 천안시 동남구 옛시청길 39,36.8066330452134,127.151177216737,24시간 이용가능,JE,(주)제주전기자동차서비스,1670-2690,2,20230129120306,,44,N,,문화동,문성동
천안프라지움10차,KE000028,01,02,충청남도 천안시 서북구 성정공원3길 14,36.8259157899271,127.142423499055,24시간 이용가능,KE,한국전기차인프라기술,18776546,2,20230129034505,,44,Y,입주민 외 사용불가,성정동,성정2동
천안신방한라비발디1,KE000038,01,02,충청남도 천안시 동남구 통정9로 75,36.7708312453123,127.132683692902,24시간 이용가능,KE,한국전기차인프라기술,18776546,2,20230129034505,,44,Y,입주민 외 사용불가,신방동,신방동
천안대우푸르지오304동,KE000121,01,02,충청남도 천안시 서북구 성정두정로 142,36.8382042436596,127.143650540826,24시간 이용가능,KE,한국전기차인프라기술,1877-6546,2,20230129034508,,44,Y,입주민 외 사용불가,두정동,부성1동
천안성정선경,KE000124,01,02,충청남도 천안시 서북구 도원2길 39,36.8218849601588,127.133323452911,24시간 이용가능,KE,한국전기차인프라기술,1877-6546,3,20230129103035,,44,Y,입주민 외 사용불가,성정동,성정2동
천안방죽안휴먼시아1,KE000183,01,02,충청남도 천안시 동남구 천안천8길 45,36.8219255758871,127.155664530289,24시간 이용가능,KE,한국전기차인프라기술,1877-6546,2,20230129034509,,44,Y,입주민 외 사용불가,신부동,신안동
엘에스일렉트릭 천안사업장,KE000621,01,04,충청남도 천안시 동남구 목천읍 삼성4길 56,36.7647793220438,127.172845209668,평일 09:00~18:00,KE,한국전기차인프라기술,1877-6546,9,20230127143310,,44,Y,임직원 외 사용불가,목천읍 삼성리,목천읍
천안현대한솔아파트1,KE000844,01,02,충청남도 천안시 서북구 성환읍 성월2길 16,36.9182965018617,127.135874748629,24시간 이용가능,KE,한국전기차인프라기술,1877-6546,1,20230129034520,,44,Y,입주민 외 사용불가,성환읍 성월리,성환읍
충남천안불당파크푸르지오오피스텔,KE000965,01,02,충청남도 천안시 서북구 불당26로 122,36.8197610766889,127.10778351439,24시간 이용가능,KE,한국전기차인프라기술,1877-6546,9,20230127193310,,44,N,,불당동,불당2동
충남천안충청연수원,KE000969,01,02,충청남도 천안시 서북구 직산읍 남산2길 41,36.8833608345879,127.172950022415,24시간 이용가능,KE,한국전기차인프라기술,1877-6546,2,20230129034521,,44,N,시설상황에 따라 이용이 제한될 수 있음,직산읍 남산리,직산읍
천안지사,KP000050,01,06,충청남도 천안시 서북구 동서대로 77,36.8267157107721,127.131789014772,주중/주말 : 24시간,KP,한국전력,041-560-2238,3,20230129140955,,44,Y,,두정동,부성2동
라이프타운 아파트,KP000617,01,06,충청남도 천안시 서북구 쌍용동 쌍용11길 33,36.8026205312463,127.121944181571,24시간,KP,한국전력,null,2,20230128022009,,44,Y,,쌍용동,쌍용3동
천안 대주피오레 아파트,KP001067,01,02,충청남도 천안시 동남구 신방동 서부대로 257-8,36.7917981655237,127.127279850457,24시간,KP,한국전력,null,3,20230129123518,,44,Y,,신방동,신방동
두정1차대림e편한세상,KP001068,01,06,충청남도 천안시 서북구 두정동 두정중2길 12,36.8341987333584,127.140560924192,24시간,KP,한국전력,null,3,20230129135930,,44,Y,,두정동,부성1동
해피드림3차,KP001070,01,02,충청남도 천안시 서북구 두정동 두정상가5길 6,36.8303108650068,127.143612017564,24시간,KP,한국전력,null,2,20230129080843,,44,Y,,두정동,부성1동
용곡1차세광엔리치타워 아파트,KP001503,01,06,충청남도 천안시 동남구 용곡동 풍세로 801-23,36.7800848581284,127.140332212358,,KP,한국전력,null,2,20230128225613,,44,Y,,용곡동,신방동
불당이안아파트,KP002941,01,06,충청남도 천안시 서북구 불당동 1503,36.8201520517855,127.102919732507,,KP,한국전기차충전서비스,1899-2100,2,20230128173258,,44,Y,,불당동,불당2동
천안시 심야전기버스 충전소(차암동),KP004361,01,04,충청남도 천안시 서북구 차암동 430,36.8401300123607,127.104731295173,24시간 이용가능,KP,한국전기차충전서비스,1899-2186,2,20230127081757,,44,Y,,차암동,부성2동
천안시 농수산물도매시장 관리사업소,KP004383,01,04,충청남도 천안시 서북구 천안대로 1347,36.8596644306375,127.150194531354,24시간 이용가능,KP,한국전력,1899-2100,2,20230128142758,,44,Y,,신당동,부성1동
천안 광덕산 광덕쉼터,KP004384,01,04,충청남도 천안시 동남구 광덕면 광풍로 264,36.6746509910346,127.053617380761,24시간 이용가능,KP,한국전력,1899-2100,3,20230128153642,,44,Y,,광덕면 광덕리,광덕면
천안시 광덕면 행정복지센터,KP004385,01,04,충청남도 천안시 동남구 광덕면 신흥리3길 33-1,36.6987845799096,127.110904496651,24시간 이용가능,KP,한국전력,1899-2100,3,20230129134536,,44,Y,,광덕면 신흥리,광덕면
천안시 태학산 자연휴양림,KP004386,01,04,충청남도 천안시 동남구 풍세면 휴양림길 105-2,36.7286070817567,127.091944281065,09:00~18:00,KP,한국전력,1899-2100,3,20230129135830,,44,Y,,풍세면 삼태리,풍세면
천안시 차량등록사업소,KP004387,01,04,충청남도 천안시 동남구 천안대로 400,36.7838119349513,127.165774257155,09:00~18:00,KP,한국전력,1899-2100,2,20230128162725,,44,Y,,삼룡동,청룡동
천안시 중앙시장 북측주차장,KP004388,01,04,충청남도 천안시 동남구 큰재빼기길 29,36.8043180322169,127.14958446507,24시간 이용가능,KP,한국전력,1899-2100,2,20230127140819,,44,Y,,오룡동,중앙동
한국농어촌공사 천안,KP004447,01,04,충청남도 천안시 동남구 원성1길 19,36.8082491759681,127.158927036904,09:00~18:00,KP,한국전력,1899-2100,2,20230127194124,,44,Y,,원성동,원성1동
북부스포츠센터,KP004448,01,04,충청남도 천안시 서북구 성환읍 성환1로 45,36.8997723687957,127.131995092017,09:00~18:00,KP,한국전력,1899-2100,2,20230129123847,,44,Y,,성환읍 매주리,성환읍
직산읍 행정복지센터,KP004449,01,04,충청남도 천안시 서북구 직산읍 삼은4길 2,36.8790064970774,127.150467501947,24시간 이용가능,KP,한국전력,1899-2100,3,20230129131939,,44,Y,,직산읍 삼은리,직산읍
수신면 행정복지센터,KP005048,01,04,충청남도 천안시 동남구 수신면 수신로 431,36.7311478164146,127.280954708373,24시간 이용가능,KP,한국전력,1899-2100,2,20230129093505,,44,Y,,수신면 속창리,수신면
북천안자이에뜨,LH001200,01,02,충청남도 천안시 서북구 성거읍 성거길 20,36.8678403801487,127.197520143625,24시간 이용가능,LH,LG헬로비전,1855-1078,2,20230129065013,,44,N,,성거읍 송남리,성거읍
천안 쌍용두산위브아파트,LH003501,01,02,충청남도 천안시 서북구 미라5길 12,36.79984081522,127.127665057015,24시간 이용가능,LH,LG헬로비전,1855-1078,2,20230128101013,,44,N,,쌍용동,쌍용1동
대성기업,LH400100,01,02,충청남도 천안시 서북구 성환읍 율금1길 267-1,36.9040995302065,127.107988647377,24시간 이용가능,LH,LG헬로비전,1855-1078,2,20230129074007,,44,N,입주민 전용,성환읍 율금리,성환읍
봉서산아이파크,LH404600,01,02,충청남도 천안시 동남구 봉명4길 29,36.8065883437785,127.137443877493,24시간 이용가능,LH,LG헬로비전,1855-1078,2,20221221170039,,44,N,,봉명동,봉명동
천안랜드마크타워,LU000016,01,02,충청남도 천안시 동남구 만남로 14,36.818369146537,127.153463948186,24시간 이용가능,LU,LG유플러스,1660-0365,9,,,44,N,,신부동,신안동
천안GF골프연습장,MO441303,01,02,충청남도 천안시 동남구 신방통정로 36,36.7709844342579,127.127492531191,24시간 이용가능,MO,매니지온,1833-2377,2,20230127043414,,44,Y,,신방동,신방동
천안 미래산업,NT100360,01,02,충청남도 천안시 서북구 업성3길 7,36.8572811246738,127.135873418233,24시간 이용가능,NT,한국전자금융,1533-2522,2,20230109115702,,44,N,,업성동,부성1동
천안시 한화갤러리아백화점(센터시티),PI000100,01,02,충청남도 천안시 서북구 공원로 227,36.800564020263,127.104726252319,10:00:00~20:00:59,PI,차지비,1600-4047,3,20230129120303,,44,,,불당동,불당1동
천안시 카프자동차정비,PI000102,01,02,충청남도 천안시 서북구 음봉로 909-17,36.8256351236983,127.106697312258,24시간 이용가능,PI,차지비,1600-4047,1,20230110030046,,44,,,백석동,백석동
천안시 순천향대학교부속 천안병원,PI000808,01,02,충청남도 천안시 동남구 순천향 6길 31,36.8028115585226,127.136781488139,24시간 이용가능,PI,차지비,1600-4047,2,20230126142148,,44,Y,,봉명동,봉명동
천안시 서북구 대우그린아파트,PI000809,01,02,충청남도 천안시 서북구 봉정로 365,36.8353485643651,127.144454587652,24시간 이용가능,PI,차지비,1600-4047,2,20230128024009,,44,Y,,두정동,부성1동
현보본사,PI121936,01,02,"충청남도 천안시 동남구 수신면 수신로 149 (백자리, (주)현보)",36.7065437479515,127.272981433823,24시간 이용가능,PI,차지비,1600-4047,2,20230129052542,,44,N,비개방(직원전용),수신면 백자리,수신면
신부동청광플러스원아파트,PI122112,01,02,충청남도 천안시 동남구 중앙로 265-31 (신부동     청광플러스원아파트),36.8223794627485,127.149843555009,24시간 이용가능,PI,차지비,1600-4047,2,20230129004615,,44,Y,,신부동,신안동
불당동한성아파트,PI122132,01,02,충청남도 천안시 서북구 불당11로 68 (불당동     한성아파트),36.8021490576558,127.114054307818,24시간 이용가능,PI,차지비,1600-4047,3,20230129140253,,44,Y,,불당동,불당1동
백석주공그린빌11단지1차,PI122188,01,02,충청남도 천안시 서북구 백석3로 69 (백석동     주공그린빌11단지1차아파트),36.8226521322801,127.119269889947,24시간 이용가능,PI,차지비,1600-4047,2,20230128200755,,44,Y,,백석동,백석동
청수극동1차아파트,PI202238,01,02,"충청남도 천안시 동남구 청수로 99 (청수동, 극동1차아파트)",36.792202535384,127.155589137478,,PI,차지비,1600-4047,2,20230129102415,,44,Y,입주민 등 거주자 외 출입 제한,청수동,청룡동
용암마을아파트101동,PI202294,01,02,"충청남도 천안시 서북구 월봉로 131 (쌍용동, 용암마을아파트)",36.8025431450338,127.117812566783,,PI,차지비,1600-4047,2,20230128033704,,44,Y,입주민 등 거주자 외 출입 제한,쌍용동,쌍용3동
천안하나리움아인스파크아파트,PI202297,01,02,"충청남도 천안시 동남구 통정3로 77 (신방동, 하나리움아인스파크)",36.7779424393512,127.131269376116,24시간 이용가능,PI,차지비,1600-4047,2,20230129054933,,44,Y,입주민 등 거주자 외 출입 제한,신방동,신방동
천안한국지엠서비스센터(주),PI202444,01,02,"충청남도 천안시 서북구 두정공단1길 51 (두정동, 대우자동차정비사업소)",36.8344743406377,127.155778626641,,PI,차지비,1600-4047,2,20230117053052,,44,Y,,두정동,부성1동
웰스빌아파트,PI202557,01,02,"충청남도 천안시 동남구 천안천공원2길 28 (다가동, 웰스빌아파트)",36.7949712721754,127.14913480619,24시간 이용가능,PI,차지비,1600-4047,2,20230129054945,,44,Y,입주민 등 거주자 외 출입 제한,다가동,일봉동
백석벽산블루밍1차 102동,PI202563,01,02,"충청남도 천안시 서북구 번영로 278-12 (백석동, 벽산블루밍1차아파트)",36.8254693653598,127.113838726339,,PI,차지비,1600-4047,2,20230129034710,,44,Y,입주민 등 거주자 외 출입 제한,백석동,백석동
케이티쌍용빌딩,PI202686,11,02,"충청남도 천안시 서북구 충무로 218 (쌍용동, K.T플라자)",36.7968439197026,127.130384066394,,PI,차지비,1600-4047,2,20230127142725,,44,Y,,쌍용동,쌍용1동
우정공무원교육원,PI203083,01,02,충청남도 천안시 동남구 양지말1길 11-14,36.8139658651921,127.188561784714,09:00~18:00,PI,차지비,1600-4047,2,20230128060255,,44,Y,,유량동,원성1동
한국기술교육대학교(두정캠퍼스),PI306084,01,02,충청남도 천안시 서북구 과수원길 18,36.8418229749652,127.14485523543,09:00~18:00,PI,차지비,1600-4047,2,20230129124316,,44,Y,,부대동,부성1동
주공8단지아파트,PI306094,01,02,충청남도 천안시 서북구 두정중5길 33,36.8361540797281,127.143399067772,09:00~18:00,PI,차지비,1600-4047,1,20230126061207,,44,Y,공동주택 입주민 전용,두정동,부성1동
천안시 부경파크빌아파트,PI410010,01,02,충청남도 천안시 서북구 늘푸른1길 19,36.8268360776611,127.129180638077,24시간 이용가능,PI,차지비,1600-4047,3,20230129103255,,44,Y,,두정동,부성2동
천안시 백석문화센터,PI410077,01,02,충청남도 천안시 동남구 청수14로 96,36.7853362650549,127.156797956466,0800~20:00,PI,차지비,1600-4047,2,20230128203451,,44,Y,,청당동,청룡동
천안시 백석대학빌딩,PI410078,01,02,충청남도 천안시 서북구 동서대로 129-12,36.8268920894075,127.13787978909,24시간 이용가능,PI,차지비,1600-4047,2,20230127195048,,44,Y,,성정동,성정2동
천안시 나비아호텔,PI410081,01,02,충청남도 천안시 동남구 신부3길 25,36.818618428714,127.160000447044,업소고객전용,PI,차지비,1600-4047,2,20230127180512,,44,Y,업소고객전용,신부동,신안동
천안시 애플모텔,PI410084,01,02,충청남도 천안시 서북구 양지10길 34,36.8103728115487,127.140313730847,24시간 이용가능,PI,차지비,1600-4047,2,20230125143906,,44,Y,,성정동,성정1동
천안시 굿모닝호텔,PI410085,01,02,충청남도 천안시 서북구 차돌들길 11-5,36.7973277621223,127.128697106703,24시간 이용가능,PI,차지비,1600-4047,2,20230117030630,,44,Y,,쌍용동,쌍용1동
천안시 시티호텔,PI410086,01,02,충청남도 천안시 서북구 차돌들길 11-4,36.7977527702767,127.128490191555,24시간 이용가능,PI,차지비,1600-4047,2,20230110030511,,44,Y,,쌍용동,쌍용1동
천안시 엘도라도모텔,PI410095,01,02,충청남도 천안시 동남구 만남의길 19-10,36.8239419879124,127.166505501977,24시간 이용가능,PI,차지비,1600-4047,2,20230125102437,,44,Y,,신부동,신안동
천안시 두정동주공8단지,PI410205,01,02,충청남도 천안시 서북구 봉정로 381,36.8360009231173,127.145007592293,24시간 이용가능,PI,차지비,1600-4047,2,20230127095627,,44,Y,,두정동,부성1동
천안시 백석마을아이파크,PI410207,01,02,충청남도 천안시 서북구 한들3로 100,36.8322935226357,127.124127085363,24시간 이용가능,PI,차지비,1600-4047,2,20230129052319,,44,Y,,백석동,백석동
천안시 브라운스톤천안아파트,PI410209,01,02,충청남도 천안시 서북구 번영로 306-15,36.8296143442117,127.115178126598,24시간 이용가능,PI,차지비,1600-4047,2,20230129115436,,44,Y,,백석동,백석동
천안시 리베라모텔,PI410216,01,02,충청남도 천안시 동남구 목천읍 충절로 908,36.7740214488047,127.211246104187,24시간 이용가능,PI,차지비,1600-4047,1,20230110030513,,44,Y,,목천읍 신계리,목천읍
활림3차크로바아파트,PL000291,01,02,충청남도 천안시 동남구 다가12길 6,36.8004248025167,127.140399902606,24시간 이용가능,PL,플러그링크,1533-0702,2,20230125023039,,44,Y,,다가동,일봉동
재동보라아파트,PL000294,01,02,충청남도 천안시 동남구 목천읍 서리1길 19-9,36.7828762373679,127.234026081849,24시간 이용가능,PL,플러그링크,1533-0702,2,20230125023039,,44,Y,,목천읍 서리,목천읍
오뚜기상미식품,PL000391,01,02,충청남도 천안시 동남구 수신면 수신로 503,36.7355733685944,127.283209433108,24시간 이용가능,PL,플러그링크,1533-0702,1,20230125023045,,44,Y,,수신면 속창리,수신면
직산한양수자인비다펠리즈,PL000432,00,02,충청남도 천안시 서북구 직산읍 천안밸리로 22-22,36.8809445903909,127.148455047361,24시간 이용가능,PL,플러그링크,1533-0702,3,20230128204544,,44,Y,,직산읍 삼은리,직산읍
힐스테이트 천안,PL000433,01,02,충청남도 천안시 동남구 옛시청길 29,36.8069022655532,127.15020650491,24시간 이용가능,PL,플러그링크,1533-0702,2,20230128203122,,44,Y,,문화동,문성동
천안 금오아파트,PL000568,01,02,충청남도 천안시 동남구 북면 복구정3길 6-5,36.7698353832382,127.249597197813,24시간 이용가능,PL,플러그링크,1533-0702,1,20230126021830,,44,Y,,북면 연춘리,북면
용곡2차세광엔리치타워,PW000633,01,02,충청남도 천안시 동남구 풍세로 769-28,36.7797034124992,127.138721867446,24시간 이용가능,PW,파워큐브,1833-8017,2,20230129040723,,44,Y,,용곡동,신방동
신당코아루,PW000647,02,02,충청남도 천안시 서북구 신당새터2길 55,36.8529083611683,127.159096696065,24시간 이용가능,PW,파워큐브,1833-8017,2,20230129040305,,44,Y,,신당동,부성1동
나인모터스,PW000803,01,02,충청남도 천안시 서북구 천일고1길 37,36.8580241457316,127.157510138226,24시간 이용가능,PW,파워큐브,1833-8017,9,20230116144810,,44,Y,,신당동,부성1동
대일모터스,PW001009,01,02,충청남도 천안시 동남구 천안천변길 45,36.781906826732,127.114593620071,24시간 이용가능,PW,파워큐브,1833-8017,2,20230129040621,,44,Y,,신방동,신방동
신방한성필하우스,PW010178,01,02,충청남도 천안시 동남구 통정3로 68,36.7768561662136,127.133597391259,24시간 이용가능,PW,파워큐브,1833-8017,2,20230129111307,,44,Y,,신방동,신방동
E편한세상두정3차아파트,PW010196,01,02,충청남도 천안시 서북구 북일로 21,36.8321779472977,127.153850690936,24시간 이용가능,PW,파워큐브,1833-8017,2,20230129041306,,44,Y,,두정동,부성1동
포스코더샵관리단,PW010493,01,02,충청남도 천안시 동남구 만남로 9,36.8191822529134,127.153016691692,24시간 이용가능,PW,파워큐브(SP),1833-8017,2,20230129041308,,44,Y,,신부동,신안동
킴스오토,PW010567,01,02,충청남도 천안시 동남구 목천읍 천안대로 85,36.7569798626683,127.170671691937,09:00~18:00,PW,파워큐브,1833-8017,9,20230116112310,,44,Y,,목천읍 삼성리,목천읍
불당호반써밋플레이스센터시티아파트,PW010636,01,02,충청남도 천안시 서북구 불당25로 8,36.8020424270876,127.104062210694,24시간 이용가능,PW,파워큐브,1833-8017,3,20230129040621,,44,Y,,불당동,불당2동
성환E편한세상아파트,PW010654,01,02,충청남도 천안시 서북구 성환읍 성환1로 54-45,36.9011471466421,127.132261241219,24시간 이용가능,PW,파워큐브,1833-8017,2,20230129040311,,44,Y,,성환읍 매주리,성환읍
불당파크푸르지오1단지,PW010847,01,02,충청남도 천안시 서북구 불당26로 144,36.821560009891,127.108324709842,24시간 이용가능,PW,파워큐브(SP),1833-8017,2,20230129041014,,44,Y,,불당동,불당2동
천안불당지웰시티푸르지오2단지,PW011053,01,02,충청남도 천안시 서북구 불당26로 50,36.8126017884105,127.105641451034,24시간 이용가능,PW,파워큐브(SP),1833-8017,2,20230129040309,,44,Y,,불당동,불당2동
두정역코아루스위트,PW011056,01,02,충청남도 천안시 서북구 천안대로 969,36.8279101340874,127.151596930864,24시간 이용가능,PW,파워큐브,1833-8017,3,20230129040907,,44,Y,,두정동,부성1동
호반베르디움센트로포레아파트,PW011161,01,02,충청남도 천안시 서북구 불당23로 10,36.8177017112275,127.101291324038,24시간 이용가능,PW,파워큐브,1833-8017,2,20230129090931,,44,Y,,불당동,불당2동
청당동 더다움트윈브릿지,PW011287,01,02,충청남도 천안시 동남구 청수5로 4,36.783289453694,127.15495687047,24시간 이용가능,PW,파워큐브,1833-8017,2,20230129040512,,44,Y,,청당동,청룡동
신부동도솔노블시티동문굿모닝힐아파트-1,PW011547,01,02,충청남도 천안시 동남구 신부8길 21,36.817043232733,127.161310147332,24시간 이용가능,PW,파워큐브,1833-8017,2,20230129041020,,44,Y,,신부동,신안동
천안신방LH1단지아파트,PW011652,01,02,충청남도 천안시 동남구 통정11로 80,36.7719099845066,127.13459769229,24시간 이용가능,PW,파워큐브,1833-8017,2,20230129041540,,44,Y,,신방동,신방동
코르지아상가관리단,PW011870,01,02,충청남도 천안시 동남구 풍세로 798,36.7805942706772,127.142670402905,24시간 이용가능,PW,파워큐브,1833-8017,2,20230129040724,,44,Y,,청당동,청룡동
청솔LGSK아파트 입주자대표회의,PW012436,01,02,충청남도 천안시 동남구 청수로 98,36.7919510127243,127.158945352625,24시간 이용가능,PW,파워큐브,1833-8017,5,20230129041617,,44,Y,,청수동,청룡동
신방푸르지오 입주자대표회의,PW012642,01,02,충청남도 천안시 동남구 통정9로 51,36.7718815539351,127.131169209793,24시간 이용가능,PW,파워큐브,1833-8017,2,20230129041216,,44,Y,,신방동,신방동
두레현대1단지입주자대표회의,PW012643,01,02,충청남도 천안시 동남구 일봉로 34,36.7918921187346,127.131859870354,24시간 이용가능,PW,파워큐브,1833-8017,2,20230129131536,,44,Y,,신방동,신방동
㈜종근당 천안공장,PW012852,01,02,충청남도 천안시 서북구 성거읍 망향로 797-48,36.892290382424,127.201315008672,24시간 이용가능,PW,파워큐브코리아,1833-8017,2,20230129041216,,44,Y,,성거읍 오색당리,성거읍
대한예수교장로회 천안교회,PW012966,01,02,충청남도 천안시 동남구 신흥1길 15,36.7771098228679,127.124551320114,24시간 이용가능,PW,파워큐브코리아,1833-8017,3,20230129092417,,44,Y,,신방동,신방동
직산역한화꿈에그린입주자대표회의,PW012994,01,02,충청남도 천안시 서북구 성거읍 신월길 20,36.8732637306735,127.149151942239,24시간 이용가능,PW,파워큐브코리아,1833-8017,2,20230129041313,,44,Y,,성거읍 신월리,성거읍
직산코아루아파트입주자대표회의,PW012997,01,02,충청남도 천안시 서북구 직산읍 삼은3길 34,36.877859623579,127.152481203522,24시간 이용가능,PW,파워큐브코리아,1833-8017,2,20230129041224,,44,Y,,직산읍 삼은리,직산읍
백석더샵아파트입주자대표회의,PW013383,01,02,충청남도 천안시 서북구 한들3로 70,36.830166441948,127.125686826641,24시간 이용가능,PW,파워큐브코리아,1833-8017,3,20230129040323,,44,Y,,백석동,백석동
E편한세상1차 스마일시티입주자대표회의,PW013580,01,02,충청남도 천안시 서북구 스마일시티1로 55,36.8430981748812,127.102654379565,24시간 이용가능,PW,파워큐브,1833-8017,2,20230129124133,,44,Y,,차암동,부성2동
천안불당중흥에스클래스프라디움레이크단지관리단,PW013799,01,02,충청남도 천안시 서북구 공원로 120,36.7953433986186,127.099184112862,24시간 이용가능,PW,파워큐브,1833-8017,2,20230129100133,,44,Y,,불당동,불당1동
천안불당LH 1단지,PW013843,01,02,충청남도 천안시 서북구 불당24로 9,36.8233074168387,127.102767597978,24시간 이용가능,PW,파워큐브,1833-8017,2,20230129103626,,44,Y,,불당동,불당2동
천안불당시티프라디움3차오피스텔,PW100709,01,02,충청남도 천안시 서북구 공원로 176,36.7974228064473,127.098968299806,24시간 이용가능,PW,파워큐브코리아,1833-8017,3,20230129123015,,44,Y,,불당동,불당1동
천안불당금호어울림,PW100963,01,02,충청남도 천안시 서북구 불당24로 37,36.8231091542756,127.105768986655,24시간 이용가능,PW,파워큐브,1833-8017,2,20230129040312,,44,Y,,불당동,불당2동
충남 천안시 동남구 풍세로 942-2 (저압수용가),SF000581,01,02,충청남도 천안시 동남구 풍세로 942-2,36.7918478871453,127.150024512151,09:00~18:00,SF,(주)스타코프,02-1833-4903,2,20230129075923,,44,N,,청수동,청룡동
충남 천안시 서북구 성환읍 임리길 21-5 (저압수용가),SF000659,01,02,충청남도 천안시 서북구 성환읍 임리길 21-5,36.9266958010245,127.086450106053,09:00~18:00,SF,(주)스타코프,02-1833-4903,2,20230128075346,,44,N,,성환읍 왕림리,성환읍
제일육묘장,SF000672,01,02,충청남도 천안시 동남구 풍세면 송정2길 131-21,36.7367017905994,127.138319211986,09:00~18:00,SF,(주)스타코프,02-1833-4903,2,20230128200343,,44,N,,풍세면 가송리,풍세면
국광레미콘,SF000777,01,02,충청남도 천안시 동남구 풍세로 575,36.7650491597207,127.129142449357,09:00~18:00,SF,(주)스타코프,02-1833-4903,4,20221226101509,,44,N,,신방동,신방동
안서 e편한세상,SF000960,01,02,충청남도 천안시 동남구 성불사길 41,36.8301878802711,127.190260382378,09:00~18:00,SF,(주)스타코프,02-1833-4903,2,20230129075908,,44,N,,안서동,신안동
기아 두정대리점,SF001259,02,02,충청남도 천안시 서북구 부성6길 39-5,36.8361577027941,127.137898884284,09:00~18:00,SF,(주)스타코프,02-1833-4903,2,20230129020820,,44,N,,두정동,부성2동
성환우체국,SF001503,01,02,충청남도 천안시 서북구 성환읍 성환11길 20,36.9165901246215,127.130138173502,09:00~18:00,SF,(주)스타코프,02-1833-4903,4,20230129075710,,44,N,,성환읍 성환리,성환읍
동천안우체국,SF001504,01,02,충청남도 천안시 동남구 청수5로 10,36.7839341948784,127.155445044457,09:00~18:00,SF,(주)스타코프,02-1833-4903,4,20230105072331,,44,N,,청당동,청룡동
기아 천안서부지점,SF001768,01,02,충청남도 천안시 서북구 백석로 51,36.8231661602021,127.117332165112,09:00~18:00,SF,(주)스타코프,02-1833-4903,2,20230129023411,,44,N,,백석동,백석동
기아 도솔대리점,SF001814,01,02,충청남도 천안시 서북구 서부대로 470,36.809126132025,127.129172956349,09:00~18:00,SF,(주)스타코프,02-1833-4903,2,20230129075639,,44,N,,쌍용동,쌍용1동
기아 일봉대리점,SF001815,01,02,충청남도 천안시 동남구 광풍로 1815,36.78052641968,127.14483053962,09:00~18:00,SF,(주)스타코프,02-1833-4903,2,20221225075650,,44,N,,청당동,청룡동
로사모텔,SOJWE018,01,02,충청남도 천안시 동남구 태조산길 219,36.8187606800818,127.184995754122,24시간 이용가능,SO,선광시스템,1533-2972,2,20221221165834,,44,Y,,유량동,원성1동
렉스호텔,SOSKQ125,01,02,충청남도 천안시 서북구 양지8길 10-4,36.8106780347741,127.139686821981,24시간 이용가능,SO,선광시스템,1533-2972,2,20230126000702,,44,Y,숙박시설(모텔),성정동,성정1동
대림파크장여관,SS000085,01,02,충청남도 천안시 서북구 양지10길 48,36.811602917038,127.140619121869,24시간 이용가능,SS,삼성이브이씨,0629419360,2,20221225031600,,44,Y,,성정동,성정1동
시크릿모텔,SS000086,01,02,충청남도 천안시 서북구 성정공원7길 28,36.8287941273543,127.144350795952,24시간 이용가능,SS,삼성이브이씨,0629419360,2,20230110120800,,44,Y,,성정동,성정2동
위례성할인마트,SS000087,01,02,충청남도 천안시 동남구 북면 위례성로 727,36.8271060998553,127.272420362809,24시간 이용가능,SS,삼성이브이씨,0629419360,2,20230126015200,,44,Y,,북면 오곡리,북면
골든24시셀프세차타운,SS000091,01,02,충청남도 천안시 서북구 성거읍 수청2길 8,36.8762280528353,127.200236233845,24시간 이용가능,SS,삼성이브이씨,0629419360,2,20230124175402,,44,Y,,성거읍 저리,성거읍
성거산시골막국수,SS000092,01,02,충청남도 천안시 서북구 성거읍 망향로 761-3,36.8844998264958,127.203709012775,24시간 이용가능,SS,삼성이브이씨,0629419360,2,20221225031600,,44,Y,,성거읍 저리,성거읍
육하원칙차암점,SS000093,01,02,충청남도 천안시 서북구 밤개울2길 51,36.8396550461737,127.099369220771,24시간 이용가능,SS,삼성이브이씨,0629419360,2,20230118224401,,44,Y,,차암동,부성2동
병천농자재,SS000094,01,02,충청남도 천안시 동남구 병천면 병천1로 87,36.7587251388766,127.296061336679,24시간 이용가능,SS,삼성이브이씨,0629419360,2,20230124152801,,44,Y,,병천면 병천리,병천면
엠파이어모텔,SS000095,01,02,충청남도 천안시 동남구 각원사길 187-14,36.8341327565393,127.190477876022,24시간 이용가능,SS,삼성이브이씨,0629419360,2,20221225100015,,44,Y,,안서동,신안동
에스케이씨하이테크앤마케팅,SS000186,01,02,충청남도 천안시 서북구 성거읍 성거길 112,36.8767792024485,127.20611786419,24시간 이용가능,SS,삼성이브이씨,0629419360,2,20221225081201,,44,Y,,성거읍 천흥리,성거읍
원광이엔지,SS0VS41L,01,02,충청남도 천안시 동남구 수신면 발산1길 281,36.7235442884921,127.282878804686,평일 09:00~18:00,SS,삼성EVC,1577-5918,9,20221230095310,,44,Y,,수신면 발산리,수신면
천안공업고등학교,SSAAC076,01,02,충청남도 천안시 동남구 성황5길 17,36.8148469316667,127.155650756436,24시간 이용가능,SS,투이스이브이씨,1577-5918,9,20230110114810,,44,Y,,신부동,문성동
기아오토큐 직산점(구 성거점),ST441301,01,02,충청남도 천안시 서북구 성거읍 봉주로 126,36.8777305625266,127.160572219199,24시간 이용가능,ST,에스트래픽,1566-1704,1,20230129071305,,44,Y,,성거읍 신월리,성거읍
남부자동차정비(정비고객 전용),ST441302,01,02,충청남도 천안시 동남구 용수골길 52,36.7824234137763,127.137881418838,09:00~18:00,ST,에스트래픽,1566-1704,2,20230129071301,,44,Y,,용곡동,신방동
그레이스모텔(구VOLE모텔)(투숙객 전용),ST441304,01,02,충청남도 천안시 서북구 성정공원4길 26,36.8266966932592,127.14376869134,24시간 이용가능,ST,에스트래픽,1566-1704,2,20230129071300,,44,Y,,성정동,성정2동
성성주차타워,ST441305,01,02,충청남도 천안시 서북구 성성8로 2-30,36.8402940125289,127.13026237908,24시간 이용가능,ST,에스트래픽,1566-1704,2,20230129071302,,44,Y,,성성동,부성2동
루이스(투숙객 전용),ST441306,01,02,충청남도 천안시 서북구 양지9길 5,36.8118157920246,127.139520224959,24시간 이용가능,ST,에스트래픽,1566-1704,2,20230129071302,,44,Y,,성정동,성정1동
비지니스호텔(투숙객 전용),ST441307,01,02,충청남도 천안시 서북구 양지9길 6,36.8117175734738,127.139901641681,24시간 이용가능,ST,에스트래픽,1566-1704,1,20230129071302,,44,Y,,성정동,성정1동
한국유미코아(임직원전용),ST441308,01,06,충청남도 천안시 서북구 백석공단1로 199,36.8394114909678,127.106332135076,평일 09:00~18:00,ST,에스트래픽,1566-1704,2,20230129071304,,44,N,등록상황 확인용 입니다.,차암동,부성2동
국민건강보험공단 천안지사,ST441309,01,02,충청남도 천안시 동남구 청수8로 51,36.7867992791202,127.159803300985,24시간 이용가능,ST,에스트래픽,1566-1704,9,20221025103310,,44,N,,청당동,청룡동
현대자동차 천안북부지점,ST441310,01,04,충청남도 천안시 서북구 두정중7길 2-3,36.8340115008963,127.13847257879,24시간 이용가능,ST,에스트래픽,1566-1704,2,20230129104139,,44,Y,,두정동,부성1동
쌍용점기아오토큐,ST441311,01,02,충청남도 천안시 서북구 미라15길 9,36.8073431168129,127.130235228678,24시간 이용가능,ST,에스트래픽,1566-1704,9,20221025103310,,44,N,,쌍용동,쌍용1동
구성점 기아오토큐 주식회사,ST441312,01,02,충청남도 천안시 동남구 천안대로 533,36.7958038155098,127.164182377073,24시간 이용가능,ST,에스트래픽,1566-1704,9,20221025103310,,44,N,,구성동,청룡동
금마운수(운수사 전용),ST441313,01,04,충청남도 천안시 동남구 고래울길 43,36.7993720023142,127.168969975201,24시간 이용가능,ST,에스트래픽,1566-1704,2,20230129071314,,44,N,,구성동,청룡동
대화운수(운수사 전용),ST441314,01,04,충청남도 천안시 동남구 유량로 30-2,36.8017205619329,127.167446152316,24시간 이용가능,ST,에스트래픽,1566-1704,3,20230129140146,,44,N,,구성동,청룡동
충남타워,ST441316,01,02,충청남도 천안시 서북구 동서대로 163,36.8258895523175,127.141303450512,24시간 이용가능,ST,에스트래픽,1566-1704,9,20221025102310,,44,Y,,성정동,성정2동
신진운수,ST441317,01,04,충청남도 천안시 동남구 고래울길 10-3,36.7980652488962,127.16612766938,24시간 이용가능,ST,에스트래픽,1566-1704,9,,,44,Y,,구성동,청룡동
상호운수,ST441318,01,04,충청남도 천안시 동남구 풍세로 740,36.776077744286,127.140284693678,24시간 이용가능,ST,에스트래픽,1566-1704,9,,,44,Y,,구룡동,청룡동
현대자동차 천안중부지점,ST441319,01,04,충청남도 천안시 서북구 월봉4로 8,36.7899732960139,127.118584302321,24시간 이용가능,ST,에스트래픽,1566-1704,2,20230129133148,,44,Y,,쌍용동,쌍용2동
현대자동차블루핸즈 직산점,ST441320,01,04,충청남도 천안시 서북구 성거읍 봉주로 142,36.8777159912265,127.162277550321,24시간 이용가능,ST,에스트래픽,1566-1704,3,20230129134141,,44,Y,,성거읍 소우리,성거읍
천안시장애인종합복지관,ST441322,01,02,충청남도 천안시 서북구 두정고2길 51,36.8386943268615,127.13120204904,24시간 이용가능,ST,에스트래픽,1566-1704,1,20230129133148,,44,Y,,두정동,부성2동
천안동 CJ대한통운,SZAA0011,01,02,충청남도 천안시 동남구 목천읍 세종로 4755,36.733757320048,127.168493791854,09:00~18:00,SZ,SG생활안전,18550119,9,,,44,Y,물류차량 충전시설,목천읍 소사리,목천읍
하나모터스(천안),TDD00008,01,02,충청남도 천안시 동남구 천안대로 683,36.8091387942306,127.164267774315,24시간 이용가능,TD,evPlug(타디스테크놀로지),02-6956-3000,2,20230129041522,,44,N,,원성동,원성1동
타임호텔,TDD00048,01,02,충청남도 천안시 서북구 성정공원7길 14,36.8289669896791,127.142683608117,24시간 이용가능,TD,evPlug,02-6956-3000,2,20230129041518,,44,N,,성정동,성정2동
태광모터스,TDD00049,01,02,충청남도 천안시 동남구 통세골1길 8,36.774124925172,127.124676875865,24시간 이용가능,TD,evPlug,02-6956-3000,2,20230129041518,,44,N,,신방동,신방동
